SET NAMES utf8mb4;
SET FOREIGN_KEY_CHECKS = 0;

-- ----------------------------
-- Table structure for dir_movie
-- ----------------------------
DROP TABLE IF EXISTS `dir_movie`;
CREATE TABLE `dir_movie`  (
  `director_id` int NOT NULL,
  `movie_id` int NOT NULL,
  PRIMARY KEY (`director_id`, `movie_id`) USING BTREE,
  INDEX `dir_movie_ibfk_1`(`movie_id` ASC) USING BTREE,
  CONSTRAINT `dir_movie_ibfk_1` FOREIGN KEY (`movie_id`) REFERENCES `movie` (`movie_id`) ON DELETE CASCADE ON UPDATE RESTRICT,
  CONSTRAINT `dir_movie_ibfk_2` FOREIGN KEY (`director_id`) REFERENCES `director` (`director_id`) ON DELETE CASCADE ON UPDATE RESTRICT
) ENGINE = InnoDB CHARACTER SET = utf8mb4 COLLATE = utf8mb4_0900_ai_ci ROW_FORMAT = DYNAMIC;

-- ----------------------------
-- Records of dir_movie
-- ----------------------------
INSERT INTO `dir_movie` VALUES (1, 1);
INSERT INTO `dir_movie` VALUES (2, 2);
INSERT INTO `dir_movie` VALUES (3, 3);
INSERT INTO `dir_movie` VALUES (4, 4);
INSERT INTO `dir_movie` VALUES (5, 5);
INSERT INTO `dir_movie` VALUES (6, 6);
INSERT INTO `dir_movie` VALUES (7, 7);
INSERT INTO `dir_movie` VALUES (7, 8);
INSERT INTO `dir_movie` VALUES (8, 9);
INSERT INTO `dir_movie` VALUES (2, 10);
INSERT INTO `dir_movie` VALUES (7, 11);
INSERT INTO `dir_movie` VALUES (2, 12);
INSERT INTO `dir_movie` VALUES (9, 13);
INSERT INTO `dir_movie` VALUES (3, 14);
INSERT INTO `dir_movie` VALUES (4, 15);
INSERT INTO `dir_movie` VALUES (10, 16);
INSERT INTO `dir_movie` VALUES (2, 17);
INSERT INTO `dir_movie` VALUES (11, 18);
INSERT INTO `dir_movie` VALUES (12, 19);
INSERT INTO `dir_movie` VALUES (4, 20);
INSERT INTO `dir_movie` VALUES (13, 21);
INSERT INTO `dir_movie` VALUES (14, 22);
INSERT INTO `dir_movie` VALUES (14, 23);
INSERT INTO `dir_movie` VALUES (15, 24);
INSERT INTO `dir_movie` VALUES (2, 25);
INSERT INTO `dir_movie` VALUES (16, 26);
INSERT INTO `dir_movie` VALUES (15, 27);
INSERT INTO `dir_movie` VALUES (17, 28);
INSERT INTO `dir_movie` VALUES (1, 29);
INSERT INTO `dir_movie` VALUES (2, 30);
INSERT INTO `dir_movie` VALUES (8, 31);
INSERT INTO `dir_movie` VALUES (15, 32);
INSERT INTO `dir_movie` VALUES (18, 33);
INSERT INTO `dir_movie` VALUES (17, 34);
INSERT INTO `dir_movie` VALUES (19, 35);
INSERT INTO `dir_movie` VALUES (20, 36);
INSERT INTO `dir_movie` VALUES (21, 37);
INSERT INTO `dir_movie` VALUES (5, 38);
INSERT INTO `dir_movie` VALUES (22, 39);
INSERT INTO `dir_movie` VALUES (15, 40);
INSERT INTO `dir_movie` VALUES (17, 41);
INSERT INTO `dir_movie` VALUES (4, 42);
INSERT INTO `dir_movie` VALUES (23, 43);
INSERT INTO `dir_movie` VALUES (24, 44);
INSERT INTO `dir_movie` VALUES (25, 45);
INSERT INTO `dir_movie` VALUES (26, 46);
INSERT INTO `dir_movie` VALUES (27, 47);
INSERT INTO `dir_movie` VALUES (28, 48);
INSERT INTO `dir_movie` VALUES (29, 49);
INSERT INTO `dir_movie` VALUES (30, 50);
INSERT INTO `dir_movie` VALUES (31, 51);
INSERT INTO `dir_movie` VALUES (4, 52);
INSERT INTO `dir_movie` VALUES (32, 53);
INSERT INTO `dir_movie` VALUES (33, 54);
INSERT INTO `dir_movie` VALUES (14, 55);
INSERT INTO `dir_movie` VALUES (34, 56);
INSERT INTO `dir_movie` VALUES (35, 57);
INSERT INTO `dir_movie` VALUES (36, 58);
INSERT INTO `dir_movie` VALUES (14, 59);
INSERT INTO `dir_movie` VALUES (3, 60);
INSERT INTO `dir_movie` VALUES (37, 61);
INSERT INTO `dir_movie` VALUES (38, 62);
INSERT INTO `dir_movie` VALUES (39, 63);
INSERT INTO `dir_movie` VALUES (40, 64);
INSERT INTO `dir_movie` VALUES (41, 65);
INSERT INTO `dir_movie` VALUES (17, 66);
INSERT INTO `dir_movie` VALUES (42, 67);
INSERT INTO `dir_movie` VALUES (14, 68);
INSERT INTO `dir_movie` VALUES (43, 69);
INSERT INTO `dir_movie` VALUES (44, 70);
INSERT INTO `dir_movie` VALUES (45, 71);
INSERT INTO `dir_movie` VALUES (46, 72);
INSERT INTO `dir_movie` VALUES (47, 73);
INSERT INTO `dir_movie` VALUES (10, 74);
INSERT INTO `dir_movie` VALUES (7, 75);
INSERT INTO `dir_movie` VALUES (48, 76);
INSERT INTO `dir_movie` VALUES (49, 77);
INSERT INTO `dir_movie` VALUES (10, 78);
INSERT INTO `dir_movie` VALUES (36, 79);
INSERT INTO `dir_movie` VALUES (50, 80);
INSERT INTO `dir_movie` VALUES (51, 81);
INSERT INTO `dir_movie` VALUES (52, 82);
INSERT INTO `dir_movie` VALUES (53, 83);
INSERT INTO `dir_movie` VALUES (54, 84);
INSERT INTO `dir_movie` VALUES (55, 85);
INSERT INTO `dir_movie` VALUES (13, 86);
INSERT INTO `dir_movie` VALUES (56, 87);
INSERT INTO `dir_movie` VALUES (57, 88);
INSERT INTO `dir_movie` VALUES (13, 89);
INSERT INTO `dir_movie` VALUES (58, 90);
INSERT INTO `dir_movie` VALUES (59, 91);
INSERT INTO `dir_movie` VALUES (15, 92);
INSERT INTO `dir_movie` VALUES (60, 93);
INSERT INTO `dir_movie` VALUES (61, 94);
INSERT INTO `dir_movie` VALUES (49, 95);
INSERT INTO `dir_movie` VALUES (62, 96);
INSERT INTO `dir_movie` VALUES (63, 97);
INSERT INTO `dir_movie` VALUES (64, 98);
INSERT INTO `dir_movie` VALUES (53, 99);
INSERT INTO `dir_movie` VALUES (65, 100);
INSERT INTO `dir_movie` VALUES (43, 101);
INSERT INTO `dir_movie` VALUES (14, 102);
INSERT INTO `dir_movie` VALUES (66, 103);
INSERT INTO `dir_movie` VALUES (10, 104);
INSERT INTO `dir_movie` VALUES (67, 105);
INSERT INTO `dir_movie` VALUES (68, 106);
INSERT INTO `dir_movie` VALUES (69, 107);
INSERT INTO `dir_movie` VALUES (4, 108);
INSERT INTO `dir_movie` VALUES (59, 109);
INSERT INTO `dir_movie` VALUES (24, 110);
INSERT INTO `dir_movie` VALUES (70, 111);
INSERT INTO `dir_movie` VALUES (36, 112);
INSERT INTO `dir_movie` VALUES (20, 113);
INSERT INTO `dir_movie` VALUES (71, 114);
INSERT INTO `dir_movie` VALUES (72, 115);
INSERT INTO `dir_movie` VALUES (17, 116);
INSERT INTO `dir_movie` VALUES (73, 117);
INSERT INTO `dir_movie` VALUES (41, 118);
INSERT INTO `dir_movie` VALUES (74, 119);
INSERT INTO `dir_movie` VALUES (13, 120);
INSERT INTO `dir_movie` VALUES (75, 121);
INSERT INTO `dir_movie` VALUES (53, 122);
INSERT INTO `dir_movie` VALUES (67, 123);
INSERT INTO `dir_movie` VALUES (76, 124);
INSERT INTO `dir_movie` VALUES (77, 125);
INSERT INTO `dir_movie` VALUES (78, 126);
INSERT INTO `dir_movie` VALUES (79, 127);
INSERT INTO `dir_movie` VALUES (56, 128);
INSERT INTO `dir_movie` VALUES (80, 129);
INSERT INTO `dir_movie` VALUES (7, 130);
INSERT INTO `dir_movie` VALUES (81, 131);
INSERT INTO `dir_movie` VALUES (20, 132);
INSERT INTO `dir_movie` VALUES (82, 133);
INSERT INTO `dir_movie` VALUES (8, 134);
INSERT INTO `dir_movie` VALUES (83, 135);
INSERT INTO `dir_movie` VALUES (84, 136);
INSERT INTO `dir_movie` VALUES (36, 137);
INSERT INTO `dir_movie` VALUES (35, 138);
INSERT INTO `dir_movie` VALUES (85, 139);
INSERT INTO `dir_movie` VALUES (46, 140);
INSERT INTO `dir_movie` VALUES (86, 141);
INSERT INTO `dir_movie` VALUES (3, 142);
INSERT INTO `dir_movie` VALUES (87, 143);
INSERT INTO `dir_movie` VALUES (88, 144);
INSERT INTO `dir_movie` VALUES (89, 145);
INSERT INTO `dir_movie` VALUES (90, 146);
INSERT INTO `dir_movie` VALUES (91, 147);
INSERT INTO `dir_movie` VALUES (92, 148);
INSERT INTO `dir_movie` VALUES (93, 149);
INSERT INTO `dir_movie` VALUES (66, 150);
INSERT INTO `dir_movie` VALUES (24, 151);
INSERT INTO `dir_movie` VALUES (94, 152);
INSERT INTO `dir_movie` VALUES (95, 153);
INSERT INTO `dir_movie` VALUES (96, 154);
INSERT INTO `dir_movie` VALUES (97, 155);
INSERT INTO `dir_movie` VALUES (98, 156);
INSERT INTO `dir_movie` VALUES (99, 157);
INSERT INTO `dir_movie` VALUES (100, 158);
INSERT INTO `dir_movie` VALUES (101, 159);
INSERT INTO `dir_movie` VALUES (102, 160);
INSERT INTO `dir_movie` VALUES (103, 161);
INSERT INTO `dir_movie` VALUES (14, 162);
INSERT INTO `dir_movie` VALUES (65, 163);
INSERT INTO `dir_movie` VALUES (104, 164);
INSERT INTO `dir_movie` VALUES (76, 165);
INSERT INTO `dir_movie` VALUES (105, 166);
INSERT INTO `dir_movie` VALUES (2, 167);
INSERT INTO `dir_movie` VALUES (106, 168);
INSERT INTO `dir_movie` VALUES (107, 169);
INSERT INTO `dir_movie` VALUES (108, 170);
INSERT INTO `dir_movie` VALUES (46, 171);
INSERT INTO `dir_movie` VALUES (109, 172);
INSERT INTO `dir_movie` VALUES (110, 173);
INSERT INTO `dir_movie` VALUES (34, 174);
INSERT INTO `dir_movie` VALUES (24, 175);
INSERT INTO `dir_movie` VALUES (111, 176);
INSERT INTO `dir_movie` VALUES (112, 177);
INSERT INTO `dir_movie` VALUES (6, 178);
INSERT INTO `dir_movie` VALUES (113, 179);
INSERT INTO `dir_movie` VALUES (114, 180);
INSERT INTO `dir_movie` VALUES (5, 181);
INSERT INTO `dir_movie` VALUES (115, 182);
INSERT INTO `dir_movie` VALUES (116, 183);
INSERT INTO `dir_movie` VALUES (117, 184);
INSERT INTO `dir_movie` VALUES (14, 185);
INSERT INTO `dir_movie` VALUES (4, 186);
INSERT INTO `dir_movie` VALUES (118, 187);
INSERT INTO `dir_movie` VALUES (119, 188);
INSERT INTO `dir_movie` VALUES (53, 189);
INSERT INTO `dir_movie` VALUES (120, 190);
INSERT INTO `dir_movie` VALUES (93, 191);
INSERT INTO `dir_movie` VALUES (121, 192);
INSERT INTO `dir_movie` VALUES (65, 193);
INSERT INTO `dir_movie` VALUES (122, 194);
INSERT INTO `dir_movie` VALUES (123, 195);
INSERT INTO `dir_movie` VALUES (124, 196);
INSERT INTO `dir_movie` VALUES (64, 197);
INSERT INTO `dir_movie` VALUES (125, 198);
INSERT INTO `dir_movie` VALUES (126, 199);
INSERT INTO `dir_movie` VALUES (62, 200);
INSERT INTO `dir_movie` VALUES (7, 201);
INSERT INTO `dir_movie` VALUES (127, 202);
INSERT INTO `dir_movie` VALUES (77, 203);
INSERT INTO `dir_movie` VALUES (128, 204);
INSERT INTO `dir_movie` VALUES (123, 205);
INSERT INTO `dir_movie` VALUES (129, 206);
INSERT INTO `dir_movie` VALUES (130, 207);
INSERT INTO `dir_movie` VALUES (131, 208);
INSERT INTO `dir_movie` VALUES (5, 209);
INSERT INTO `dir_movie` VALUES (124, 210);
INSERT INTO `dir_movie` VALUES (132, 211);
INSERT INTO `dir_movie` VALUES (133, 212);
INSERT INTO `dir_movie` VALUES (105, 213);
INSERT INTO `dir_movie` VALUES (117, 214);
INSERT INTO `dir_movie` VALUES (76, 215);
INSERT INTO `dir_movie` VALUES (124, 216);
INSERT INTO `dir_movie` VALUES (134, 217);
INSERT INTO `dir_movie` VALUES (135, 218);
INSERT INTO `dir_movie` VALUES (136, 219);
INSERT INTO `dir_movie` VALUES (116, 220);
INSERT INTO `dir_movie` VALUES (4, 221);
INSERT INTO `dir_movie` VALUES (36, 222);
INSERT INTO `dir_movie` VALUES (6, 223);
INSERT INTO `dir_movie` VALUES (137, 224);
INSERT INTO `dir_movie` VALUES (43, 225);
INSERT INTO `dir_movie` VALUES (22, 226);
INSERT INTO `dir_movie` VALUES (14, 227);
INSERT INTO `dir_movie` VALUES (87, 228);
INSERT INTO `dir_movie` VALUES (138, 229);
INSERT INTO `dir_movie` VALUES (75, 230);
INSERT INTO `dir_movie` VALUES (139, 231);
INSERT INTO `dir_movie` VALUES (78, 232);
INSERT INTO `dir_movie` VALUES (140, 233);
INSERT INTO `dir_movie` VALUES (141, 234);
INSERT INTO `dir_movie` VALUES (85, 235);
INSERT INTO `dir_movie` VALUES (22, 236);
INSERT INTO `dir_movie` VALUES (3, 237);
INSERT INTO `dir_movie` VALUES (38, 238);
INSERT INTO `dir_movie` VALUES (142, 239);
INSERT INTO `dir_movie` VALUES (143, 240);

-- ----------------------------
-- Table structure for director
-- ----------------------------
DROP TABLE IF EXISTS `director`;
CREATE TABLE `director`  (
  `director_id` int NOT NULL AUTO_INCREMENT,
  `director` varchar(255) CHARACTER SET utf8mb4 COLLATE utf8mb4_0900_ai_ci NOT NULL,
  PRIMARY KEY (`director_id`) USING BTREE
) ENGINE = InnoDB AUTO_INCREMENT = 146 CHARACTER SET = utf8mb4 COLLATE = utf8mb4_0900_ai_ci ROW_FORMAT = DYNAMIC;

-- ----------------------------
-- Records of director
-- ----------------------------
INSERT INTO `director` VALUES (1, '弗兰克·德拉邦特');
INSERT INTO `director` VALUES (2, '克里斯托弗·诺兰');
INSERT INTO `director` VALUES (3, '大卫·芬奇');
INSERT INTO `director` VALUES (4, '昆汀·塔伦蒂诺');
INSERT INTO `director` VALUES (5, '罗伯特·泽米吉斯');
INSERT INTO `director` VALUES (6, '拉娜·沃卓斯基');
INSERT INTO `director` VALUES (7, '彼得·杰克逊');
INSERT INTO `director` VALUES (8, '弗朗西斯·福特·科波拉');
INSERT INTO `director` VALUES (9, '钟孟宏');
INSERT INTO `director` VALUES (10, '雷德利·斯科特');
INSERT INTO `director` VALUES (11, '乔斯·韦登');
INSERT INTO `director` VALUES (12, '乔纳森·戴米');
INSERT INTO `director` VALUES (13, '乔治·卢卡斯');
INSERT INTO `director` VALUES (14, '史蒂文·斯皮尔伯格');
INSERT INTO `director` VALUES (15, '马丁·斯科塞斯');
INSERT INTO `director` VALUES (16, '厄文·克什纳');
INSERT INTO `director` VALUES (17, '詹姆斯·卡梅隆');
INSERT INTO `director` VALUES (18, '萨姆·门德斯');
INSERT INTO `director` VALUES (19, '托尼·凯耶');
INSERT INTO `director` VALUES (20, '戈尔·维宾斯基');
INSERT INTO `director` VALUES (21, '詹姆斯·麦克特格');
INSERT INTO `director` VALUES (22, '吕克·贝松');
INSERT INTO `director` VALUES (23, '安德鲁·斯坦顿');
INSERT INTO `director` VALUES (24, '布莱恩·辛格');
INSERT INTO `director` VALUES (25, '梅尔·吉布森');
INSERT INTO `director` VALUES (26, '理查德·马昆德');
INSERT INTO `director` VALUES (27, '乔恩·费儒');
INSERT INTO `director` VALUES (28, '罗杰·阿勒斯');
INSERT INTO `director` VALUES (29, '彼得·威尔');
INSERT INTO `director` VALUES (30, 'M.NightShyamalan');
INSERT INTO `director` VALUES (31, '詹姆斯·格雷');
INSERT INTO `director` VALUES (32, '米洛斯·福尔曼');
INSERT INTO `director` VALUES (33, '米歇尔·贡德里');
INSERT INTO `director` VALUES (34, '约翰·拉塞特');
INSERT INTO `director` VALUES (35, 'J·J·艾布拉姆斯');
INSERT INTO `director` VALUES (36, '斯坦利·库布里克');
INSERT INTO `director` VALUES (37, '格斯·范·桑特');
INSERT INTO `director` VALUES (38, '朗·霍华德');
INSERT INTO `director` VALUES (39, '伊桑·科恩');
INSERT INTO `director` VALUES (40, '彼特·道格特');
INSERT INTO `director` VALUES (41, '丹尼·博伊尔');
INSERT INTO `director` VALUES (42, '雷尼·哈林');
INSERT INTO `director` VALUES (43, '彼得·博格');
INSERT INTO `director` VALUES (44, '约翰·麦克蒂尔南');
INSERT INTO `director` VALUES (45, '托德·菲利普斯');
INSERT INTO `director` VALUES (46, '盖·里奇');
INSERT INTO `director` VALUES (47, '特拉维斯·奈特');
INSERT INTO `director` VALUES (48, '弗兰克·米勒');
INSERT INTO `director` VALUES (49, '达伦·阿伦诺夫斯基');
INSERT INTO `director` VALUES (50, '理查德·凯利');
INSERT INTO `director` VALUES (51, '肯尼思·布拉纳');
INSERT INTO `director` VALUES (52, '罗森·马歇尔');
INSERT INTO `director` VALUES (53, '扎克·施奈德');
INSERT INTO `director` VALUES (54, '乔·庄斯顿');
INSERT INTO `director` VALUES (55, '布莱恩·德');
INSERT INTO `director` VALUES (56, '乔尔·科恩');
INSERT INTO `director` VALUES (57, '罗曼·波兰斯基');
INSERT INTO `director` VALUES (58, 'Jean-PierreJeunet');
INSERT INTO `director` VALUES (59, 'F.GaryGray');
INSERT INTO `director` VALUES (60, '亚历山德罗·卡罗尼');
INSERT INTO `director` VALUES (61, '韦斯·安德森');
INSERT INTO `director` VALUES (62, '邓肯·琼斯');
INSERT INTO `director` VALUES (63, '费尔南多·梅里尔斯');
INSERT INTO `director` VALUES (64, '达米恩·查泽雷');
INSERT INTO `director` VALUES (65, '山姆·雷米');
INSERT INTO `director` VALUES (66, '亚利桑德罗·冈萨雷斯');
INSERT INTO `director` VALUES (67, '弗朗西斯·劳伦斯');
INSERT INTO `director` VALUES (68, '莫滕·泰杜姆');
INSERT INTO `director` VALUES (69, '赛尔乔·莱昂内');
INSERT INTO `director` VALUES (70, '西德尼·吕美特');
INSERT INTO `director` VALUES (71, '安东尼·罗素');
INSERT INTO `director` VALUES (72, '布拉德·伯德');
INSERT INTO `director` VALUES (73, '史蒂夫·麦奎因');
INSERT INTO `director` VALUES (74, '詹姆斯·曼高德');
INSERT INTO `director` VALUES (75, '克林特·伊斯特伍德');
INSERT INTO `director` VALUES (76, '克里斯·哥伦布');
INSERT INTO `director` VALUES (77, '吉尔莫·德尔');
INSERT INTO `director` VALUES (78, '保罗·格林格拉斯');
INSERT INTO `director` VALUES (79, '安德鲁·亚当森');
INSERT INTO `director` VALUES (80, '迈克尔·贝');
INSERT INTO `director` VALUES (81, '罗伯托·贝尼尼');
INSERT INTO `director` VALUES (82, '马克·福斯特');
INSERT INTO `director` VALUES (83, '阿兰·泰勒');
INSERT INTO `director` VALUES (84, '马修·沃恩');
INSERT INTO `director` VALUES (85, '阿尔弗雷德·希区柯克');
INSERT INTO `director` VALUES (86, '大卫·阿耶');
INSERT INTO `director` VALUES (87, '丹尼斯·维伦纽瓦');
INSERT INTO `director` VALUES (88, '科林·特雷沃罗');
INSERT INTO `director` VALUES (89, '哈罗德·雷米斯');
INSERT INTO `director` VALUES (90, '本·阿弗莱克');
INSERT INTO `director` VALUES (91, '马丁·坎贝尔');
INSERT INTO `director` VALUES (92, '李安');
INSERT INTO `director` VALUES (93, '特瑞·吉列姆');
INSERT INTO `director` VALUES (94, '克里斯·巴克');
INSERT INTO `director` VALUES (95, '皮埃尔·莫瑞尔');
INSERT INTO `director` VALUES (96, '迈克尔·曼');
INSERT INTO `director` VALUES (97, '西恩·潘');
INSERT INTO `director` VALUES (98, '尼古拉斯·温丁');
INSERT INTO `director` VALUES (99, '马克·韦布');
INSERT INTO `director` VALUES (100, '佩顿·里德');
INSERT INTO `director` VALUES (101, '詹姆斯·古恩');
INSERT INTO `director` VALUES (102, '莱恩·约翰逊');
INSERT INTO `director` VALUES (103, '加里斯·爱德华斯');
INSERT INTO `director` VALUES (104, '派蒂·杰金斯');
INSERT INTO `director` VALUES (105, '阿方索·卡隆');
INSERT INTO `director` VALUES (106, '迈克·内威尔');
INSERT INTO `director` VALUES (107, '罗兰·艾默里奇');
INSERT INTO `director` VALUES (108, '柯蒂斯·汉森');
INSERT INTO `director` VALUES (109, '查德·斯塔赫斯基');
INSERT INTO `director` VALUES (110, '格雷格·莫托拉');
INSERT INTO `director` VALUES (111, '迈克尔·柯蒂兹');
INSERT INTO `director` VALUES (112, '巴里·索南菲尔德');
INSERT INTO `director` VALUES (113, '尼克·卡萨维蒂');
INSERT INTO `director` VALUES (114, 'JohnG.Avildsen');
INSERT INTO `director` VALUES (115, '史蒂文·索德伯格');
INSERT INTO `director` VALUES (116, '道格·里曼');
INSERT INTO `director` VALUES (117, '埃德加·赖特');
INSERT INTO `director` VALUES (118, '保罗·托马斯');
INSERT INTO `director` VALUES (119, '朴赞郁');
INSERT INTO `director` VALUES (120, '亚历克斯·普罗亚斯');
INSERT INTO `director` VALUES (121, '乔·沃茨');
INSERT INTO `director` VALUES (122, '贾森·雷特曼');
INSERT INTO `director` VALUES (123, '爱德华·兹威克');
INSERT INTO `director` VALUES (124, '大卫·叶茨');
INSERT INTO `director` VALUES (125, '沃尔夫冈·彼德森');
INSERT INTO `director` VALUES (126, '布莱特·拉特纳');
INSERT INTO `director` VALUES (127, '巴瑞·莱文森');
INSERT INTO `director` VALUES (128, '乔丹·皮尔');
INSERT INTO `director` VALUES (129, 'MaryHarron');
INSERT INTO `director` VALUES (130, '加文·胡德');
INSERT INTO `director` VALUES (131, '巴兹·鲁赫曼');
INSERT INTO `director` VALUES (132, '大卫·雷奇');
INSERT INTO `director` VALUES (133, '亚历克斯·加兰');
INSERT INTO `director` VALUES (134, '大卫');
INSERT INTO `director` VALUES (135, '丹·吉尔罗伊');
INSERT INTO `director` VALUES (136, '埃里克·布雷斯');
INSERT INTO `director` VALUES (137, '蒂姆·波顿');
INSERT INTO `director` VALUES (138, '乔纳森·戴顿');
INSERT INTO `director` VALUES (139, '加布里埃莱·穆奇诺');
INSERT INTO `director` VALUES (140, '路易斯·莱特里尔');
INSERT INTO `director` VALUES (141, 'Jean-MarcVallée');
INSERT INTO `director` VALUES (142, '尼尔·博格');
INSERT INTO `director` VALUES (143, '拜伦·霍华德');
INSERT INTO `director` VALUES (144, '黄东赫');
INSERT INTO `director` VALUES (145, '23');

-- ----------------------------
-- Table structure for movie
-- ----------------------------
DROP TABLE IF EXISTS `movie`;
CREATE TABLE `movie`  (
  `movie_id` int NOT NULL AUTO_INCREMENT,
  `movie` varchar(255) CHARACTER SET utf8mb4 COLLATE utf8mb4_0900_ai_ci NOT NULL,
  `grade` decimal(10, 2) NOT NULL,
  `type` varchar(255) CHARACTER SET utf8mb4 COLLATE utf8mb4_0900_ai_ci NOT NULL,
  `country` varchar(255) CHARACTER SET utf8mb4 COLLATE utf8mb4_0900_ai_ci NOT NULL,
  `language` varchar(255) CHARACTER SET utf8mb4 COLLATE utf8mb4_0900_ai_ci NOT NULL,
  `date` datetime NOT NULL,
  `duration` int NOT NULL,
  `alias` varchar(255) CHARACTER SET utf8mb4 COLLATE utf8mb4_0900_ai_ci NULL DEFAULT NULL,
  `grade_num` int NOT NULL,
  PRIMARY KEY (`movie_id`) USING BTREE,
  UNIQUE INDEX `movie`(`movie` ASC) USING BTREE
) ENGINE = InnoDB AUTO_INCREMENT = 242 CHARACTER SET = utf8mb4 COLLATE = utf8mb4_0900_ai_ci ROW_FORMAT = DYNAMIC;

-- ----------------------------
-- Records of movie
-- ----------------------------
INSERT INTO `movie` VALUES (1, '肖申克的救赎（1994）', 9.65, '剧情', '美国', '英语', '1994-09-10 00:00:00', 142, 'DieVerurteilten', 2);
INSERT INTO `movie` VALUES (2, '蝙蝠侠：黑暗骑士（2008）', 9.00, '动作', '美国', '英语', '2008-07-16 00:00:00', 152, NULL, 1);
INSERT INTO `movie` VALUES (3, '搏击俱乐部（1999）', 8.80, '剧情', '美国', '英语', '1999-10-15 00:00:00', 151, NULL, 1);
INSERT INTO `movie` VALUES (4, '低俗小说（1994）', 8.90, '犯罪', '美国', '英语', '1994-09-10 00:00:00', 178, NULL, 1);
INSERT INTO `movie` VALUES (5, '阿甘正传（1994）', 8.80, '剧情', '美国', '英语', '1994-07-06 00:00:00', 142, NULL, 1);
INSERT INTO `movie` VALUES (6, '黑客帝国（1999）', 8.70, '动作', '美国', '英语', '1999-03-31 00:00:00', 136, NULL, 1);
INSERT INTO `movie` VALUES (7, '指环王1：护戒使者（2001）', 9.00, '冒险', '美国', '英语', '2001-12-19 00:00:00', 208, '指环王1：魔戒再现', 1);
INSERT INTO `movie` VALUES (8, '指环王3：王者无敌（2003）', 9.20, '冒险', '美国', '英语', '2003-12-17 00:00:00', 254, '魔戒三部曲：王者再临(台', 1);
INSERT INTO `movie` VALUES (9, '教父（1972）', 9.20, '犯罪', '美国', '英语', '1972-03-24 00:00:00', 175, NULL, 1);
INSERT INTO `movie` VALUES (10, '蝙蝠侠：黑暗骑士崛起（2012）', 8.40, '动作', '英国', '英语', '2012-07-19 00:00:00', 164, NULL, 1);
INSERT INTO `movie` VALUES (11, '指环王2：双塔奇兵（2002）', 9.10, '冒险', '美国', '英语', '2002-12-05 00:00:00', 223, '魔戒二部曲：双城奇谋', 1);
INSERT INTO `movie` VALUES (12, '星际穿越（2014）', 8.60, '冒险', '美国', '英语', '2014-11-07 00:00:00', 169, NULL, 1);
INSERT INTO `movie` VALUES (13, '阳光普照（2019）', 7.70, '犯罪', '中国台湾', '普通话', '2019-11-01 00:00:00', 152, NULL, 1);
INSERT INTO `movie` VALUES (14, '七宗罪（1995）', 8.60, '犯罪', '美国', '英语', '1995-09-22 00:00:00', 127, NULL, 1);
INSERT INTO `movie` VALUES (15, '被解救的姜戈（2012）', 8.40, '剧情', '美国', '英语', '2012-12-01 00:00:00', 165, NULL, 1);
INSERT INTO `movie` VALUES (16, '角斗士（2000）', 8.50, '动作', '美国', '英语', '2000-05-04 00:00:00', 171, NULL, 1);
INSERT INTO `movie` VALUES (17, '蝙蝠侠：侠影之谜（2005）', 8.20, '动作', '美国', '英语', '2005-06-15 00:00:00', 140, NULL, 1);
INSERT INTO `movie` VALUES (18, '复仇者联盟（2012）', 8.00, '动作', '美国', '英语', '2012-04-25 00:00:00', 173, NULL, 1);
INSERT INTO `movie` VALUES (19, '沉默的羔羊（1991）', 8.60, '犯罪', '美国', '英语', '1991-02-14 00:00:00', 138, NULL, 1);
INSERT INTO `movie` VALUES (20, '无耻混蛋（2009）', 8.30, '冒险', '德国', '英语', '2009-08-19 00:00:00', 153, NULL, 1);
INSERT INTO `movie` VALUES (21, '星球大战（1977）', 8.60, '动作', '美国', '英语', '1977-05-25 00:00:00', 125, NULL, 1);
INSERT INTO `movie` VALUES (22, '拯救大兵瑞恩（1998）', 8.60, '剧情', '美国', '英语', '1998-07-24 00:00:00', 169, NULL, 1);
INSERT INTO `movie` VALUES (23, '辛德勒的名单（1993）', 8.90, '传记', '美国', '英语', '1993-12-15 00:00:00', 185, NULL, 1);
INSERT INTO `movie` VALUES (24, '无间道风云（2006）', 8.50, '犯罪', '美国', '英语', '2006-10-04 00:00:00', 151, NULL, 1);
INSERT INTO `movie` VALUES (25, '致命魔术（2006）', 8.50, '剧情', '美国', '英语', '2006-10-19 00:00:00', 130, NULL, 1);
INSERT INTO `movie` VALUES (26, '星球大战2：帝国反击战（1980）', 8.70, '动作', '美国', '英语', '1980-05-21 00:00:00', 127, NULL, 1);
INSERT INTO `movie` VALUES (27, '华尔街之狼（2013）', 8.20, '传记', '美国', '英语', '2013-12-25 00:00:00', 240, NULL, 1);
INSERT INTO `movie` VALUES (28, '阿凡达（2009）', 8.70, '动作', '美国', '英语', '2009-12-18 00:00:00', 178, '天神下凡(港)', 1);
INSERT INTO `movie` VALUES (29, '绿里奇迹（1999）', 8.60, '犯罪', '美国', '英语', '1999-12-10 00:00:00', 114, NULL, 1);
INSERT INTO `movie` VALUES (30, '记忆碎片（2000）', 8.40, '悬疑', '美国', '英语', '2000-10-11 00:00:00', 113, NULL, 1);
INSERT INTO `movie` VALUES (31, '教父2（1974）', 9.00, '犯罪', '美国', '英语', '1974-12-20 00:00:00', 220, NULL, 1);
INSERT INTO `movie` VALUES (32, '禁闭岛（2010）', 8.10, '悬疑', '美国', '英语', '2010-02-18 00:00:00', 138, NULL, 1);
INSERT INTO `movie` VALUES (33, '美国丽人（1999）', 8.30, '剧情', '美国', '英语', '1999-10-01 00:00:00', 122, NULL, 1);
INSERT INTO `movie` VALUES (34, '泰坦尼克号（1997）', 7.80, '剧情', '美国', '英语', '1997-12-18 00:00:00', 194, NULL, 1);
INSERT INTO `movie` VALUES (35, '美国X档案（1998）', 8.50, '剧情', '美国', '英语', '1998-11-20 00:00:00', 101, NULL, 1);
INSERT INTO `movie` VALUES (36, '加勒比海盗（2003）', 8.00, '动作', '美国', '英语', '2003-07-09 00:00:00', 143, NULL, 1);
INSERT INTO `movie` VALUES (37, 'V字仇杀队（2006）', 8.20, '动作', '美国', '英语', '2006-03-15 00:00:00', 132, NULL, 1);
INSERT INTO `movie` VALUES (38, '回到未来（1985）', 8.50, '冒险', '美国', '英语', '1985-07-03 00:00:00', 116, NULL, 1);
INSERT INTO `movie` VALUES (39, '这个杀手不太冷（1994）', 8.50, '动作', '法国', '英语', '1994-09-14 00:00:00', 133, '这个杀手不太冷Léon', 1);
INSERT INTO `movie` VALUES (40, '好家伙（1990）', 8.70, '传记', '美国', '英语', '1990-09-12 00:00:00', 146, NULL, 1);
INSERT INTO `movie` VALUES (41, '终结者2：审判日（1991）', 8.50, '动作', '美国', '英语', '1991-07-03 00:00:00', 156, NULL, 1);
INSERT INTO `movie` VALUES (42, '杀死比尔（2003）', 8.10, '动作', '美国', '英语', '2003-10-10 00:00:00', 112, NULL, 1);
INSERT INTO `movie` VALUES (43, '机器人总动员（2008）', 8.40, '冒险', '美国', '英语', '2008-06-26 00:00:00', 98, NULL, 1);
INSERT INTO `movie` VALUES (44, '非常嫌疑犯（1995）', 8.50, '犯罪', '美国', '英语', '1995-07-19 00:00:00', 106, NULL, 1);
INSERT INTO `movie` VALUES (45, '勇敢的心（1995）', 8.30, '传记', '美国', '法语', '1995-05-18 00:00:00', 178, '惊世未了缘(港)', 1);
INSERT INTO `movie` VALUES (46, '星球大战3：绝地归来（1983）', 8.30, '动作', '美国', '英语', '1983-05-25 00:00:00', 134, NULL, 1);
INSERT INTO `movie` VALUES (47, '钢铁侠（2008）', 7.90, '动作', '美国', '匈牙利语', '2008-04-30 00:00:00', 126, NULL, 1);
INSERT INTO `movie` VALUES (48, '狮子王（1994）', 8.50, '冒险', '美国', '英语', '1994-06-15 00:00:00', 89, NULL, 1);
INSERT INTO `movie` VALUES (49, '楚门的世界（1998）', 8.10, '喜剧', '美国', '英语', '1998-06-05 00:00:00', 103, NULL, 1);
INSERT INTO `movie` VALUES (50, '第六感（1999）', 8.10, '剧情', '美国', '英语', '1999-08-06 00:00:00', 107, NULL, 1);
INSERT INTO `movie` VALUES (51, '星际探索（2019）', 6.60, '冒险', '中国大陆', '英语', '2019-09-18 00:00:00', 123, NULL, 1);
INSERT INTO `movie` VALUES (52, '落水狗（1992）', 8.30, '犯罪', '美国', '英语', '1992-09-02 00:00:00', 99, NULL, 1);
INSERT INTO `movie` VALUES (53, '飞越疯人院（1975）', 8.70, '剧情', '美国', '英语', '1975-11-19 00:00:00', 133, NULL, 1);
INSERT INTO `movie` VALUES (54, '暖暖内含光（2004）', 8.30, '剧情', '美国', '英语', '2004-03-19 00:00:00', 108, NULL, 1);
INSERT INTO `movie` VALUES (55, '夺宝奇兵（1981）', 8.40, '动作', '美国', '英语', '1981-06-12 00:00:00', 115, NULL, 1);
INSERT INTO `movie` VALUES (56, '玩具总动员（1995）', 8.30, '冒险', '美国', '英语', '1995-11-22 00:00:00', 74, NULL, 1);
INSERT INTO `movie` VALUES (57, '星球大战7：原力觉醒（2015）', 7.90, '动作', '美国', '英语', '2015-12-16 00:00:00', 138, NULL, 1);
INSERT INTO `movie` VALUES (58, '闪灵（1980）', 8.40, '剧情', '英国', '英语', '1980-06-13 00:00:00', 142, NULL, 1);
INSERT INTO `movie` VALUES (59, '侏罗纪公园（1993）', 8.10, '动作', '美国', '英语', '1993-06-11 00:00:00', 127, NULL, 1);
INSERT INTO `movie` VALUES (60, '消失的爱人（2014）', 8.10, '剧情', '美国', '英语', '2014-10-01 00:00:00', 149, NULL, 1);
INSERT INTO `movie` VALUES (61, '心灵捕手（1997）', 8.30, '剧情', '美国', '英语', '1998-01-09 00:00:00', 126, NULL, 1);
INSERT INTO `movie` VALUES (62, '美丽心灵（2002）', 8.20, '传记', '美国', '英语', '2002-01-04 00:00:00', 135, NULL, 1);
INSERT INTO `movie` VALUES (63, '老无所依（2007）', 8.10, '犯罪', '美国', '英语', '2007-11-21 00:00:00', 122, NULL, 1);
INSERT INTO `movie` VALUES (64, '怪兽电力公司（2001）', 8.00, '冒险', '美国', '英语', '2001-11-02 00:00:00', 92, NULL, 1);
INSERT INTO `movie` VALUES (65, '贫民窟的百万富翁（2008）', 8.00, '剧情', '英国', '英语', '2008-12-05 00:00:00', 120, NULL, 1);
INSERT INTO `movie` VALUES (66, '终结者（1984）', 8.00, '动作', '英国', '英语', '1984-10-26 00:00:00', 107, NULL, 1);
INSERT INTO `movie` VALUES (67, '绝地逃亡（2016）', 5.70, '动作', '中国大陆', '普通话', '2016-07-21 00:00:00', 107, NULL, 1);
INSERT INTO `movie` VALUES (68, '猫鼠游戏（2002）', 8.10, '传记', '美国', '英语', '2002-12-16 00:00:00', 141, NULL, 1);
INSERT INTO `movie` VALUES (69, '22英里（2018）', 6.10, '动作', '中国大陆', '菲律宾语', '2018-08-16 00:00:00', 94, NULL, 1);
INSERT INTO `movie` VALUES (70, '虎胆龙威（1988）', 8.20, '动作', '美国', '英语', '1988-07-20 00:00:00', 132, NULL, 1);
INSERT INTO `movie` VALUES (71, '小丑（2019）', 8.50, '犯罪', '美国', '英语', '2019-10-01 00:00:00', 122, NULL, 1);
INSERT INTO `movie` VALUES (72, '偷拐抢骗（2000）', 8.30, '犯罪', '英国', '英语', '2000-09-01 00:00:00', 102, NULL, 1);
INSERT INTO `movie` VALUES (73, '大黄蜂（2018）', 6.80, '动作', '中国大陆', '英语', '2018-12-13 00:00:00', 114, NULL, 1);
INSERT INTO `movie` VALUES (74, '异形（1979）', 8.40, '恐怖', '英国', '英语', '1979-05-28 00:00:00', 116, NULL, 1);
INSERT INTO `movie` VALUES (75, '霍比特人1：意外之旅（2012）', 7.80, '冒险', '新西兰', '英语', '2012-12-12 00:00:00', 182, NULL, 1);
INSERT INTO `movie` VALUES (76, '罪恶之城（2005）', 8.00, '犯罪', '美国', '英语', '2005-04-01 00:00:00', 147, NULL, 1);
INSERT INTO `movie` VALUES (77, '梦之安魂曲（2000）', 8.30, '剧情', '美国', '英语', '2000-11-03 00:00:00', 102, NULL, 1);
INSERT INTO `movie` VALUES (78, '火星救援（2015）', 8.00, '冒险', '英国', '英语', '2015-09-30 00:00:00', 151, NULL, 1);
INSERT INTO `movie` VALUES (79, '发条橙（1971）', 8.30, '犯罪', '英国', '英语', '1972-01-13 00:00:00', 136, NULL, 1);
INSERT INTO `movie` VALUES (80, '死亡幻觉（2002）', 8.00, '剧情', '美国', '英语', '2002-01-30 00:00:00', 134, NULL, 1);
INSERT INTO `movie` VALUES (81, '雷神（2011）', 7.00, '动作', '美国', '英语', '2011-04-21 00:00:00', 115, NULL, 1);
INSERT INTO `movie` VALUES (82, '摩天营救（2018）', 5.80, '动作', '中国香港', '英语', '2018-07-11 00:00:00', 102, NULL, 1);
INSERT INTO `movie` VALUES (83, '斯巴达300勇士（2007）', 7.60, '动作', '美国', '英语', '2006-12-09 00:00:00', 117, '300壮士：斯巴达的逆袭(台)', 1);
INSERT INTO `movie` VALUES (84, '美国队长（2011）', 6.90, '动作', '美国', '英语', '2011-07-19 00:00:00', 124, NULL, 1);
INSERT INTO `movie` VALUES (85, '疤面煞星（1983）', 8.30, '犯罪', '美国', '英语', '1983-12-09 00:00:00', 142, NULL, 1);
INSERT INTO `movie` VALUES (86, '星球大战前传1：幽灵的威胁（1999）', 6.50, '动作', '美国', '英语', '1999-05-16 00:00:00', 136, NULL, 1);
INSERT INTO `movie` VALUES (87, '谋杀绿脚趾（1998）', 8.10, '犯罪', '美国', '英语', '1998-03-06 00:00:00', 117, NULL, 1);
INSERT INTO `movie` VALUES (88, '钢琴家（2002）', 8.50, '传记', '英国', '英语', '2002-09-25 00:00:00', 150, NULL, 1);
INSERT INTO `movie` VALUES (89, '星球大战前传3：西斯的复仇（2005）', 7.50, '动作', '美国', '英语', '2005-05-17 00:00:00', 140, NULL, 1);
INSERT INTO `movie` VALUES (90, '天使爱美丽（2001）', 8.30, '喜剧', '法国', '法语', '2001-04-25 00:00:00', 122, NULL, 1);
INSERT INTO `movie` VALUES (91, '黑衣人：全球追缉（2019）', 5.60, '动作', '中国大陆', '英语', '2019-06-12 00:00:00', 114, NULL, 1);
INSERT INTO `movie` VALUES (92, '出租车司机（1976）', 8.30, '犯罪', '美国', '英语', '1976-02-08 00:00:00', 110, NULL, 1);
INSERT INTO `movie` VALUES (93, '功夫熊猫3（2016）', 7.10, '动作', '中国大陆', '英语', '2016-01-28 00:00:00', 95, NULL, 1);
INSERT INTO `movie` VALUES (94, '布达佩斯大饭店（2014）', 8.10, '冒险', '德国', '英语', '2014-02-26 00:00:00', 99, NULL, 1);
INSERT INTO `movie` VALUES (95, '黑天鹅（2010）', 8.00, '剧情', '美国', '英语', '2010-12-17 00:00:00', 108, NULL, 1);
INSERT INTO `movie` VALUES (96, '魔兽（2016）', 6.80, '动作', '中国大陆', '英语', '2016-05-25 00:00:00', 123, NULL, 1);
INSERT INTO `movie` VALUES (97, '上帝之城（2002）', 8.60, '犯罪', '巴西', '葡萄牙语', '2002-08-30 00:00:00', 135, NULL, 1);
INSERT INTO `movie` VALUES (98, '爆裂鼓手（2014）', 8.50, '剧情', '美国', '英语', '2014-10-15 00:00:00', 106, NULL, 1);
INSERT INTO `movie` VALUES (99, '超人：钢铁之躯（2013）', 7.10, '动作', '美国', '英语', '2013-06-12 00:00:00', 143, NULL, 1);
INSERT INTO `movie` VALUES (100, '蜘蛛侠（2002）', 7.30, '动作', '美国', '英语', '2002-05-01 00:00:00', 121, NULL, 1);
INSERT INTO `movie` VALUES (101, '恐袭波士顿（2016）', 7.40, '动作', '中国香港', '英语', '2017-01-06 00:00:00', 133, NULL, 1);
INSERT INTO `movie` VALUES (102, '夺宝奇兵3（1989）', 8.20, '动作', '美国', '英语', '1989-05-24 00:00:00', 127, NULL, 1);
INSERT INTO `movie` VALUES (103, '荒野猎人（2015）', 8.00, '动作', '美国', '英语', '2016-01-07 00:00:00', 156, NULL, 1);
INSERT INTO `movie` VALUES (104, '银翼杀手（1982）', 8.10, '动作', '美国', '英语', '1982-06-25 00:00:00', 110, NULL, 1);
INSERT INTO `movie` VALUES (105, '我是传奇（2007）', 7.20, '冒险', '美国', '英语', '2007-12-12 00:00:00', 104, NULL, 1);
INSERT INTO `movie` VALUES (106, '模仿游戏（2014）', 8.00, '传记', '英国', '英语', '2014-11-14 00:00:00', 114, NULL, 1);
INSERT INTO `movie` VALUES (107, '黄金三镖客（1966）', 8.80, '西部', '意大利', '意大利语', '1966-12-23 00:00:00', 142, NULL, 1);
INSERT INTO `movie` VALUES (108, '杀死比尔2（2004）', 8.00, '动作', '美国', '英语', '2004-04-16 00:00:00', 137, NULL, 1);
INSERT INTO `movie` VALUES (109, '速度与激情8（2017）', 6.70, '动作', '中国大陆', '英语', '2017-04-12 00:00:00', 148, NULL, 1);
INSERT INTO `movie` VALUES (110, 'X战警：逆转未来（2014）', 8.00, '动作', '美国', '英语', '2014-05-20 00:00:00', 151, 'X战警:逆转未来', 1);
INSERT INTO `movie` VALUES (111, '十二怒汉（1957）', 8.90, '剧情', '美国', '英语', '1957-04-10 00:00:00', 96, NULL, 1);
INSERT INTO `movie` VALUES (112, '全金属外壳（1987）', 8.30, '剧情', '英国', '英语', '1987-07-10 00:00:00', 116, NULL, 1);
INSERT INTO `movie` VALUES (113, '加勒比海盗2：聚魂棺（2006）', 7.30, '动作', '美国', '英语', '2006-07-06 00:00:00', 151, NULL, 1);
INSERT INTO `movie` VALUES (114, '美国队长3：内战（2016）', 7.80, '动作', '美国', '英语', '2016-04-27 00:00:00', 147, NULL, 1);
INSERT INTO `movie` VALUES (115, '超人总动员（2004）', 8.00, '动作', '美国', '英语', '2004-11-05 00:00:00', 115, NULL, 1);
INSERT INTO `movie` VALUES (116, '异形2（1986）', 8.30, '动作', '美国', '英语', '1986-07-18 00:00:00', 154, NULL, 1);
INSERT INTO `movie` VALUES (117, '为奴十二年（2013）', 8.10, '传记', '英国', '英语', '2013-11-08 00:00:00', 134, NULL, 1);
INSERT INTO `movie` VALUES (118, '猜火车（1996）', 8.10, '剧情', '英国', '英语', '1996-02-23 00:00:00', 105, NULL, 1);
INSERT INTO `movie` VALUES (119, '金刚狼3：殊死一战（2017）', 8.10, '动作', '美国', '英语', '2017-02-28 00:00:00', 122, NULL, 1);
INSERT INTO `movie` VALUES (120, '星球大战前传2：克隆人的进攻（2002）', 6.50, '动作', '美国', '英语', '2002-05-16 00:00:00', 142, NULL, 1);
INSERT INTO `movie` VALUES (121, '百万美元宝贝（2005）', 8.10, '剧情', '美国', '英语', '2005-01-14 00:00:00', 132, NULL, 1);
INSERT INTO `movie` VALUES (122, '蝙蝠侠大战超人：正义黎明（2016）', 6.50, '动作', '美国', '英语', '2016-03-23 00:00:00', 183, NULL, 1);
INSERT INTO `movie` VALUES (123, '饥饿游戏2：星火燎原（2013）', 7.50, '动作', '美国', '英语', '2013-11-15 00:00:00', 146, NULL, 1);
INSERT INTO `movie` VALUES (124, '哈利·波特与魔法石（2001）', 7.60, '冒险', '英国', '英语', '2001-11-04 00:00:00', 159, NULL, 1);
INSERT INTO `movie` VALUES (125, '潘神的迷宫（2006）', 8.20, '剧情', '墨西哥', '西班牙语', '2006-10-11 00:00:00', 112, NULL, 1);
INSERT INTO `movie` VALUES (126, '谍影重重3 （2007）', 8.00, '动作', '美国', '英语', '2007-08-03 00:00:00', 115, NULL, 1);
INSERT INTO `movie` VALUES (127, '怪物史瑞克（2001）', 7.80, '冒险', '美国', '英语', '2001-05-18 00:00:00', 90, NULL, 1);
INSERT INTO `movie` VALUES (128, '冰血暴（1996）', 8.10, '犯罪', '美国', '英语', '1996-04-05 00:00:00', 98, NULL, 1);
INSERT INTO `movie` VALUES (129, '变形金刚（2007）', 7.00, '动作', '美国', '英语', '2007-06-28 00:00:00', 144, NULL, 1);
INSERT INTO `movie` VALUES (130, '霍比特人2：史矛革之战（2013）', 7.80, '冒险', '新西兰', '英语', '2013-12-11 00:00:00', 186, NULL, 1);
INSERT INTO `movie` VALUES (131, '美丽人生（1997）', 8.60, '喜剧', '意大利', '意大利语', '1997-12-20 00:00:00', 116, NULL, 1);
INSERT INTO `movie` VALUES (132, '加勒比海盗3：世界的尽头（2007）', 7.10, '动作', '美国', '英语', '2007-05-22 00:00:00', 128, NULL, 1);
INSERT INTO `movie` VALUES (133, '僵尸世界大战（2013）', 7.00, '动作', '美国', '英语', '2013-06-19 00:00:00', 123, NULL, 1);
INSERT INTO `movie` VALUES (134, '现代启示录（1979）', 8.40, '剧情', '美国', '英语', '1979-08-15 00:00:00', 183, NULL, 1);
INSERT INTO `movie` VALUES (135, '雷神2：黑暗世界（2013）', 6.90, '动作', '美国', '英语', '2013-10-30 00:00:00', 112, NULL, 1);
INSERT INTO `movie` VALUES (136, '王牌特工：特工学院（2014）', 7.70, '动作', '英国', '英语', '2015-01-29 00:00:00', 129, NULL, 1);
INSERT INTO `movie` VALUES (137, '2001太空漫游 2001（1968）', 8.30, '冒险', '美国', '英语', '1968-04-02 00:00:00', 149, NULL, 1);
INSERT INTO `movie` VALUES (138, '星际迷航（2009）', 7.90, '动作', '美国', '英语', '2009-05-06 00:00:00', 127, NULL, 1);
INSERT INTO `movie` VALUES (139, '惊魂记（1960）', 8.50, '恐怖', '美国', '英语', '1960-09-08 00:00:00', 108, NULL, 1);
INSERT INTO `movie` VALUES (140, '大侦探福尔摩斯（2009）', 7.60, '动作', '美国', '英语', '2009-12-24 00:00:00', 128, NULL, 1);
INSERT INTO `movie` VALUES (141, '自杀小队（2016）', 6.00, '动作', '美国', '英语', '2016-08-03 00:00:00', 134, NULL, 1);
INSERT INTO `movie` VALUES (142, '本杰明·巴顿奇事（2008）', 7.80, '剧情', '美国', '英语', '2008-12-25 00:00:00', 166, NULL, 1);
INSERT INTO `movie` VALUES (143, '降临（2016）', 7.90, '剧情', '美国', '英语', '2016-11-10 00:00:00', 116, NULL, 1);
INSERT INTO `movie` VALUES (144, '侏罗纪世界（2015）', 7.00, '动作', '美国', '英语', '2015-06-10 00:00:00', 124, NULL, 1);
INSERT INTO `movie` VALUES (145, '土拨鼠之日（1993）', 8.00, '喜剧', '美国', '英语', '1993-02-12 00:00:00', 101, NULL, 1);
INSERT INTO `movie` VALUES (146, '逃离德黑兰（2012）', 7.70, '传记', '美国', '英语', '2012-10-11 00:00:00', 130, NULL, 1);
INSERT INTO `movie` VALUES (147, '007：大战皇家赌场（2006）', 8.00, '动作', '英国', '塞尔维亚语', '2006-11-14 00:00:00', 144, NULL, 1);
INSERT INTO `movie` VALUES (148, '少年派的奇幻漂流（2012）', 7.90, '冒险', '美国', '阿拉伯语', '2012-09-28 00:00:00', 127, '少年Pi的奇幻漂流', 1);
INSERT INTO `movie` VALUES (149, '十二猴子（1995）', 8.00, '悬疑', '美国', '英语', '1996-01-05 00:00:00', 129, NULL, 1);
INSERT INTO `movie` VALUES (150, '鸟人（2014）', 7.70, '喜剧', '美国', '英语', '2014-11-13 00:00:00', 119, NULL, 1);
INSERT INTO `movie` VALUES (151, 'X战警（2000）', 7.40, '动作', '美国', '英语', '2000-07-13 00:00:00', 104, NULL, 1);
INSERT INTO `movie` VALUES (152, '冰雪奇缘（2013）', 7.50, '冒险', '美国', '英语', '2013-11-20 00:00:00', 102, NULL, 1);
INSERT INTO `movie` VALUES (153, '飓风营救（2008）', 7.80, '动作', '法国', '英语', '2008-02-27 00:00:00', 93, NULL, 1);
INSERT INTO `movie` VALUES (154, '盗火线（1995）', 8.20, '犯罪', '美国', '英语', '1995-12-15 00:00:00', 170, NULL, 1);
INSERT INTO `movie` VALUES (155, '荒野生存（2007）', 8.10, '冒险', '美国', '英语', '2007-09-28 00:00:00', 148, NULL, 1);
INSERT INTO `movie` VALUES (156, '亡命驾驶（2011）', 7.80, '犯罪', '美国', '英语', '2011-09-15 00:00:00', 100, NULL, 1);
INSERT INTO `movie` VALUES (157, '超凡蜘蛛侠（2012）', 6.90, '动作', '美国', '英语', '2012-06-28 00:00:00', 136, NULL, 1);
INSERT INTO `movie` VALUES (158, '蚁人（2015）', 7.30, '动作', '美国', '英语', '2015-07-14 00:00:00', 117, NULL, 1);
INSERT INTO `movie` VALUES (159, '银河护卫队2（2017）', 7.60, '动作', '美国', '英语', '2017-04-25 00:00:00', 136, NULL, 1);
INSERT INTO `movie` VALUES (160, '星球大战8：最后的绝地武士（2017）', 7.00, '动作', '美国', '英语', '2017-12-13 00:00:00', 152, NULL, 1);
INSERT INTO `movie` VALUES (161, '星球大战外传：侠盗一号（2016）', 7.80, '动作', '美国', '英语', '2016-12-14 00:00:00', 133, NULL, 1);
INSERT INTO `movie` VALUES (162, '大白鲨（1975）', 8.00, '冒险', '美国', '英语', '1975-06-20 00:00:00', 130, NULL, 1);
INSERT INTO `movie` VALUES (163, 'Spider-Man 2（2004）', 7.30, '动作', '美国', '英语', '2004-06-25 00:00:00', 135, NULL, 1);
INSERT INTO `movie` VALUES (164, '神奇女侠（2017）', 7.40, '动作', '美国', '英语', '2017-05-30 00:00:00', 141, NULL, 1);
INSERT INTO `movie` VALUES (165, '哈利·波特与密室（2002）', 7.40, '冒险', '英国', '英语', '2002-11-13 00:00:00', 174, NULL, 1);
INSERT INTO `movie` VALUES (166, '哈利·波特与阿兹卡班的囚徒（2004）', 7.90, '冒险', '英国', '英语', '2004-05-31 00:00:00', 142, NULL, 1);
INSERT INTO `movie` VALUES (167, '敦刻尔克（2017）', 7.90, '动作', '英国', '英语', '2017-07-19 00:00:00', 106, NULL, 1);
INSERT INTO `movie` VALUES (168, '哈利·波特与火焰杯（2005）', 7.70, '冒险', '英国', '英语', '2005-11-16 00:00:00', 166, NULL, 1);
INSERT INTO `movie` VALUES (169, '独立日（1996）', 7.00, '动作', '美国', '英语', '1996-07-02 00:00:00', 154, NULL, 1);
INSERT INTO `movie` VALUES (170, '洛城机密（1997）', 8.20, '犯罪', '美国', '英语', '1997-09-19 00:00:00', 138, NULL, 1);
INSERT INTO `movie` VALUES (171, '两杆大烟枪（1998）', 8.20, '犯罪', '英国', '英语', '1998-08-28 00:00:00', 107, NULL, 1);
INSERT INTO `movie` VALUES (172, '疾速追杀（2014）', 7.40, '动作', '美国', '英语', '2014-10-23 00:00:00', 101, NULL, 1);
INSERT INTO `movie` VALUES (173, '太坏了（2007）', 7.60, '喜剧', '美国', '英语', '2007-08-17 00:00:00', 119, NULL, 1);
INSERT INTO `movie` VALUES (174, '玩具总动员2（1999）', 7.90, '冒险', '美国', '英语', '1999-11-24 00:00:00', 82, NULL, 1);
INSERT INTO `movie` VALUES (175, 'X2（2003）', 7.40, '动作', '加拿大', '英语', '2003-04-25 00:00:00', 134, NULL, 1);
INSERT INTO `movie` VALUES (176, '卡萨布兰卡（1942）', 8.50, '剧情', '美国', '英语', '1942-12-09 00:00:00', 82, NULL, 1);
INSERT INTO `movie` VALUES (177, '黑衣人（1997）', 7.30, '动作', '美国', '英语', '1997-07-02 00:00:00', 98, NULL, 1);
INSERT INTO `movie` VALUES (178, '黑客帝国2：重装上阵（2003）', 7.20, '动作', '美国', '英语', '2003-05-15 00:00:00', 138, NULL, 1);
INSERT INTO `movie` VALUES (179, '恋恋笔记本（2004）', 7.80, '剧情', '美国', '英语', '2004-06-25 00:00:00', 123, NULL, 1);
INSERT INTO `movie` VALUES (180, '洛奇（1976）', 8.10, '剧情', '美国', '英语', '1976-12-03 00:00:00', 145, NULL, 1);
INSERT INTO `movie` VALUES (181, '荒岛余生（2000）', 7.80, '冒险', '美国', '英语', '2000-12-22 00:00:00', 143, NULL, 1);
INSERT INTO `movie` VALUES (182, '十一罗汉（2001）', 7.70, '犯罪', '美国', '英语', '2001-12-07 00:00:00', 116, NULL, 1);
INSERT INTO `movie` VALUES (183, '谍影重重（2002）', 7.90, '动作', '美国', '英语', '2002-06-14 00:00:00', 119, NULL, 1);
INSERT INTO `movie` VALUES (184, '僵尸肖恩（2004）', 7.90, '喜剧', '英国', '英语', '2004-04-09 00:00:00', 99, NULL, 1);
INSERT INTO `movie` VALUES (185, '少数派报告（2002）', 7.60, '动作', '美国', '英语', '2002-06-20 00:00:00', 145, NULL, 1);
INSERT INTO `movie` VALUES (186, '八恶人（2015）', 7.80, '犯罪', '美国', '英语', '2015-12-30 00:00:00', 213, NULL, 1);
INSERT INTO `movie` VALUES (187, '血色将至（2008）', 8.20, '剧情', '美国', '英语', '2008-01-25 00:00:00', 158, NULL, 1);
INSERT INTO `movie` VALUES (188, '老男孩（2003）', 8.40, '动作', '韩国', '韩语', '2003-11-21 00:00:00', 101, NULL, 1);
INSERT INTO `movie` VALUES (189, '守望者（2009）', 7.60, '动作', '美国', '英语', '2009-03-04 00:00:00', 215, NULL, 1);
INSERT INTO `movie` VALUES (190, '我是机器人（2004）', 7.10, '动作', '美国', '英语', '2004-07-15 00:00:00', 115, NULL, 1);
INSERT INTO `movie` VALUES (191, '巨蟒与圣杯（1975）', 8.20, '冒险', '英国', '英语', '1975-05-25 00:00:00', 91, NULL, 1);
INSERT INTO `movie` VALUES (192, '蜘蛛侠：英雄归来（2017）', 7.40, '动作', '美国', '英语', '2017-07-05 00:00:00', 133, NULL, 1);
INSERT INTO `movie` VALUES (193, 'Spider-Man 3（2007）', 6.20, '动作', '美国', '英语', '2007-04-03 00:00:00', 137, NULL, 1);
INSERT INTO `movie` VALUES (194, '朱诺（2007）', 7.40, '喜剧', '美国', '英语', '2007-12-25 00:00:00', 96, NULL, 1);
INSERT INTO `movie` VALUES (195, '血钻（2006）', 8.00, '冒险', '美国', '英语', '2006-12-08 00:00:00', 143, NULL, 1);
INSERT INTO `movie` VALUES (196, '哈利波特与凤凰社（2007）', 7.50, '动作', '英国', '英语', '2007-07-11 00:00:00', 138, NULL, 1);
INSERT INTO `movie` VALUES (197, '爱乐之城（2016）', 8.00, '喜剧', '美国', '英语', '2016-12-07 00:00:00', 128, NULL, 1);
INSERT INTO `movie` VALUES (198, '特洛伊（2004）', 7.20, '剧情', '美国', '英语', '2004-05-13 00:00:00', 196, NULL, 1);
INSERT INTO `movie` VALUES (199, 'X战警：背水一战（2006）', 6.70, '动作', '加拿大', '英语', '2006-05-23 00:00:00', 104, NULL, 1);
INSERT INTO `movie` VALUES (200, 'Source Code（2011）', 7.50, '动作', '美国', '英语', '2011-03-31 00:00:00', 93, NULL, 1);
INSERT INTO `movie` VALUES (201, 'The Hobbit: The Battle of the Five Armies（2014）', 7.40, '冒险', '新西兰', '英语', '2014-12-10 00:00:00', 164, NULL, 1);
INSERT INTO `movie` VALUES (202, '雨人（1988）', 8.00, '剧情', '美国', '英语', '1988-12-16 00:00:00', 133, NULL, 1);
INSERT INTO `movie` VALUES (203, '环太平洋（2013）', 6.90, '动作', '美国', '英语', '2013-07-11 00:00:00', 131, NULL, 1);
INSERT INTO `movie` VALUES (204, 'Get Out（2017）', 7.70, '恐怖', '美国', '英语', '2017-02-24 00:00:00', 104, NULL, 1);
INSERT INTO `movie` VALUES (205, '杰克·瑞奇：永不退缩（2016）', 6.10, '动作', '中国大陆', '英语', '2016-10-19 00:00:00', 118, NULL, 1);
INSERT INTO `movie` VALUES (206, '美国心理（2000）', 7.60, '犯罪', '美国', '英语', '2000-04-14 00:00:00', 101, NULL, 1);
INSERT INTO `movie` VALUES (207, 'X-Men Origins: Wolverine（2009）', 6.60, '动作', '美国', '英语', '2009-04-28 00:00:00', 119, NULL, 1);
INSERT INTO `movie` VALUES (208, '了不起的盖茨比（2013）', 7.20, '剧情', '澳大利亚', '英语', '2013-05-09 00:00:00', 143, NULL, 1);
INSERT INTO `movie` VALUES (209, '回到未来2（1989）', 7.80, '冒险', '美国', '英语', '1989-11-22 00:00:00', 108, NULL, 1);
INSERT INTO `movie` VALUES (210, '哈利·波特与死亡圣器(上) （2010）', 7.70, '冒险', '英国', '英语', '2010-11-17 00:00:00', 146, NULL, 1);
INSERT INTO `movie` VALUES (211, '死侍2：我爱我家（2018）', 7.70, '动作', '美国', '英语', '2018-05-15 00:00:00', 117, NULL, 1);
INSERT INTO `movie` VALUES (212, 'Ex Machina（2015）', 7.70, '剧情', '英国', '英语', '2015-01-21 00:00:00', 108, NULL, 1);
INSERT INTO `movie` VALUES (213, '人类之子（2006）', 7.90, '剧情', '美国', '英语', '2006-09-22 00:00:00', 109, NULL, 1);
INSERT INTO `movie` VALUES (214, '热血警探（2007）', 7.80, '动作', '英国', '英语', '2007-02-16 00:00:00', 121, NULL, 1);
INSERT INTO `movie` VALUES (215, '小鬼当家（1990）', 7.60, '喜剧', '美国', '英语', '1990-11-16 00:00:00', 103, NULL, 1);
INSERT INTO `movie` VALUES (216, '哈利·波特与混血王子（2009）', 8.30, '动作', '英国', '英语', '2009-07-15 00:00:00', 153, NULL, 1);
INSERT INTO `movie` VALUES (217, '美国骗局（2013）', 7.20, '犯罪', '美国', '英语', '2013-12-12 00:00:00', 129, NULL, 1);
INSERT INTO `movie` VALUES (218, 'Nightcrawler（2014）', 7.90, '犯罪', '美国', '英语', '2014-10-23 00:00:00', 117, NULL, 1);
INSERT INTO `movie` VALUES (219, '蝴蝶效应（2004）', 7.60, '剧情', '美国', '英语', '2004-01-22 00:00:00', 120, NULL, 1);
INSERT INTO `movie` VALUES (220, '史密斯夫妇（2005）', 6.50, '动作', '美国', '英语', '2005-06-07 00:00:00', 126, NULL, 1);
INSERT INTO `movie` VALUES (221, '好莱坞往事（2019）', 7.70, '喜剧', '美国', '英语', '2019-07-24 00:00:00', 161, NULL, 1);
INSERT INTO `movie` VALUES (222, '奇爱博士（1964）', 8.40, '喜剧', '英国', '英语', '1964-01-29 00:00:00', 95, NULL, 1);
INSERT INTO `movie` VALUES (223, '黑客帝国3：矩阵革命（2003）', 6.80, '动作', '美国', '英语', '2003-11-05 00:00:00', 129, NULL, 1);
INSERT INTO `movie` VALUES (224, '剪刀手爱德华（1990）', 7.90, '剧情', '美国', '英语', '1990-12-14 00:00:00', 105, NULL, 1);
INSERT INTO `movie` VALUES (225, '全民超人（2008）', 6.40, '动作', '美国', '越南语', '2008-07-01 00:00:00', 102, NULL, 1);
INSERT INTO `movie` VALUES (226, '超体（2014）', 6.40, '动作', '法国', '英语', '2014-07-25 00:00:00', 89, NULL, 1);
INSERT INTO `movie` VALUES (227, '夺宝奇兵2（1984）', 7.60, '动作', '美国', '英语', '1984-05-23 00:00:00', 118, NULL, 1);
INSERT INTO `movie` VALUES (228, '银翼杀手2049（2017）', 8.00, '动作', '美国', '英语', '2017-10-04 00:00:00', 164, NULL, 1);
INSERT INTO `movie` VALUES (229, '阳光小美女（2006）', 7.80, '喜剧', '美国', '英语', '2006-08-18 00:00:00', 101, NULL, 1);
INSERT INTO `movie` VALUES (230, 'American Sniper（2014）', 7.30, '动作', '美国', '英语', '2015-01-01 00:00:00', 133, NULL, 1);
INSERT INTO `movie` VALUES (231, '当幸福来敲门（2006）', 8.00, '传记', '美国', '英语', '2006-12-15 00:00:00', 117, NULL, 1);
INSERT INTO `movie` VALUES (232, '谍影重重2（2004）', 7.70, '动作', '美国', '英语', '2004-07-23 00:00:00', 108, NULL, 1);
INSERT INTO `movie` VALUES (233, '无敌浩克（2008）', 6.70, '动作', '美国', '英语', '2008-06-06 00:00:00', 135, NULL, 1);
INSERT INTO `movie` VALUES (234, '达拉斯买家俱乐部（2013）', 8.00, '传记', '美国', '英语', '2013-11-22 00:00:00', 117, NULL, 1);
INSERT INTO `movie` VALUES (235, 'Rear Window（1954）', 8.40, '悬疑', '美国', '英语', '1954-11-15 00:00:00', 112, NULL, 1);
INSERT INTO `movie` VALUES (236, '第五元素（1997）', 7.70, '动作', '法国', '英语', '1997-05-07 00:00:00', 126, NULL, 1);
INSERT INTO `movie` VALUES (237, '十二宫（2007）', 7.70, '犯罪', '美国', '英语', '2007-03-02 00:00:00', 162, NULL, 1);
INSERT INTO `movie` VALUES (238, '极速风流（2013）', 8.10, '传记', '英国', '英语', '2013-09-12 00:00:00', 123, NULL, 1);
INSERT INTO `movie` VALUES (239, '分歧者：异类觉醒（2014）', 6.70, '动作', '美国', '英语', '2014-03-20 00:00:00', 139, NULL, 1);
INSERT INTO `movie` VALUES (240, '疯狂动物城（2016）', 8.00, '冒险', '美国', '英语', '2020-07-24 00:00:00', 108, NULL, 1);

-- ----------------------------
-- Table structure for movie_log
-- ----------------------------
DROP TABLE IF EXISTS `movie_log`;
CREATE TABLE `movie_log`  (
  `id` int NOT NULL AUTO_INCREMENT,
  `time` timestamp NULL DEFAULT NULL,
  `log_text` varchar(255) CHARACTER SET utf8mb4 COLLATE utf8mb4_0900_ai_ci NULL DEFAULT NULL,
  PRIMARY KEY (`id`) USING BTREE
) ENGINE = InnoDB AUTO_INCREMENT = 695 CHARACTER SET = utf8mb4 COLLATE = utf8mb4_0900_ai_ci ROW_FORMAT = DYNAMIC;

-- ----------------------------
-- Table structure for movies
-- ----------------------------
DROP TABLE IF EXISTS `movies`;
CREATE TABLE `movies`  (
  `name` varchar(255) CHARACTER SET utf8mb4 COLLATE utf8mb4_0900_ai_ci NOT NULL,
  `grade` decimal(10, 2) NOT NULL,
  `director` varchar(255) CHARACTER SET utf8mb4 COLLATE utf8mb4_0900_ai_ci NOT NULL,
  `scriptwriter` varchar(255) CHARACTER SET utf8mb4 COLLATE utf8mb4_0900_ai_ci NOT NULL,
  `performer` varchar(255) CHARACTER SET utf8mb4 COLLATE utf8mb4_0900_ai_ci NOT NULL,
  `type` varchar(255) CHARACTER SET utf8mb4 COLLATE utf8mb4_0900_ai_ci NOT NULL,
  `country` varchar(255) CHARACTER SET utf8mb4 COLLATE utf8mb4_0900_ai_ci NOT NULL,
  `language` varchar(255) CHARACTER SET utf8mb4 COLLATE utf8mb4_0900_ai_ci NOT NULL,
  `date` datetime NOT NULL,
  `duration` int NOT NULL,
  `alias` varchar(255) CHARACTER SET utf8mb4 COLLATE utf8mb4_0900_ai_ci NULL DEFAULT NULL
) ENGINE = InnoDB CHARACTER SET = utf8mb4 COLLATE = utf8mb4_0900_ai_ci ROW_FORMAT = DYNAMIC;

-- ----------------------------
-- Records of movies
-- ----------------------------
INSERT INTO `movies` VALUES ('肖申克的救赎（1994）', 9.30, '弗兰克·德拉邦特', '弗兰克·德拉邦特', '保罗·麦克兰尼', '剧情', '美国', '英语', '1994-09-10 00:00:00', 142, 'DieVerurteilten');
INSERT INTO `movies` VALUES ('蝙蝠侠：黑暗骑士（2008）', 9.00, '克里斯托弗·诺兰', '乔纳森·诺兰', '克里斯蒂安·贝尔', '动作片', '美国', '英语', '2008-07-16 00:00:00', 152, NULL);
INSERT INTO `movies` VALUES ('搏击俱乐部（1999）', 8.80, '大卫·芬奇', '恰克·帕拉尼克', '爱德华·诺顿', '剧情', '美国', '英语', '1999-10-15 00:00:00', 151, NULL);
INSERT INTO `movies` VALUES ('低俗小说（1994）', 8.90, '昆汀·塔伦蒂诺', '昆汀·塔伦蒂诺', '蒂姆·罗斯', '犯罪', '美国', '英语', '1994-09-10 00:00:00', 178, NULL);
INSERT INTO `movies` VALUES ('阿甘正传（1994）', 8.80, '罗伯特·泽米吉斯', '温斯顿·格鲁姆', '汤姆·汉克斯', '剧情', '美国', '英语', '1994-07-06 00:00:00', 142, NULL);
INSERT INTO `movies` VALUES ('黑客帝国（1999）', 8.70, '拉娜·沃卓斯基', '莉莉·沃卓斯基', '基努·里维斯', '动作片', '美国', '英语', '1999-03-31 00:00:00', 136, NULL);
INSERT INTO `movies` VALUES ('指环王1：护戒使者（2001）', 9.00, '彼得·杰克逊', 'J.R.R.Tolkien', 'NoelAppleby', '冒险', '美国', '英语', '2001-12-19 00:00:00', 208, '指环王1：魔戒再现');
INSERT INTO `movies` VALUES ('指环王3：王者无敌（2003）', 9.20, '彼得·杰克逊', 'J.R.R.Tolkien', 'NoelAppleby', '冒险', '美国', '英语', '2003-12-17 00:00:00', 254, '魔戒三部曲：王者再临(台');
INSERT INTO `movies` VALUES ('教父（1972）', 9.20, '弗朗西斯·福特·科波拉', '马里奥·普佐', '马龙·白兰度', '犯罪', '美国', '英语', '1972-03-24 00:00:00', 175, NULL);
INSERT INTO `movies` VALUES ('蝙蝠侠：黑暗骑士崛起（2012）', 8.40, '克里斯托弗·诺兰', '乔纳森·诺兰', '克里斯蒂安·贝尔', '动作片', '英国', '英语', '2012-07-19 00:00:00', 164, NULL);
INSERT INTO `movies` VALUES ('指环王2：双塔奇兵（2002）', 9.10, '彼得·杰克逊', 'J.R.R.Tolkien', '布鲁克·奥佩斯', '冒险', '美国', '英语', '2002-12-05 00:00:00', 223, '魔戒二部曲：双城奇谋');
INSERT INTO `movies` VALUES ('星际穿越（2014）', 8.60, '克里斯托弗·诺兰', '乔纳森·诺兰', '艾伦·伯斯汀', '冒险', '美国', '英语', '2014-11-07 00:00:00', 169, NULL);
INSERT INTO `movies` VALUES ('阳光普照（2019）', 7.70, '钟孟宏', '张耀升', '巫建和', '犯罪', '中国台湾', '普通话', '2019-11-01 00:00:00', 152, NULL);
INSERT INTO `movies` VALUES ('七宗罪（1995）', 8.60, '大卫·芬奇', '安德鲁·凯文', '摩根·弗里曼', '犯罪', '美国', '英语', '1995-09-22 00:00:00', 127, NULL);
INSERT INTO `movies` VALUES ('被解救的姜戈（2012）', 8.40, '昆汀·塔伦蒂诺', '昆汀·塔伦蒂诺', '杰米·福克斯', '剧情', '美国', '英语', '2012-12-01 00:00:00', 165, NULL);
INSERT INTO `movies` VALUES ('角斗士（2000）', 8.50, '雷德利·斯科特', '大卫·弗兰佐尼', '罗素·克劳', '动作片', '美国', '英语', '2000-05-04 00:00:00', 171, NULL);
INSERT INTO `movies` VALUES ('蝙蝠侠：侠影之谜（2005）', 8.20, '克里斯托弗·诺兰', '鲍勃·凯恩', '克里斯蒂安·贝尔', '动作片', '美国', '英语', '2005-06-15 00:00:00', 140, NULL);
INSERT INTO `movies` VALUES ('复仇者联盟（2012）', 8.00, '乔斯·韦登', '乔斯·韦登', '小罗伯特·唐尼', '动作片', '美国', '英语', '2012-04-25 00:00:00', 173, NULL);
INSERT INTO `movies` VALUES ('沉默的羔羊（1991）', 8.60, '乔纳森·戴米', '托马斯·哈里斯', '朱迪·福斯特', '犯罪', '美国', '英语', '1991-02-14 00:00:00', 138, NULL);
INSERT INTO `movies` VALUES ('无耻混蛋（2009）', 8.30, '昆汀·塔伦蒂诺', '昆汀·塔伦蒂诺', '布拉德·皮特', '冒险', '德国', '英语', '2009-08-19 00:00:00', 153, NULL);
INSERT INTO `movies` VALUES ('星球大战（1977）', 8.60, '乔治·卢卡斯', '乔治·卢卡斯', '马克·哈米尔', '动作片', '美国', '英语', '1977-05-25 00:00:00', 125, NULL);
INSERT INTO `movies` VALUES ('拯救大兵瑞恩（1998）', 8.60, '史蒂文·斯皮尔伯格', '罗伯特·罗达特', '汤姆·汉克斯', '剧情', '美国', '英语', '1998-07-24 00:00:00', 169, NULL);
INSERT INTO `movies` VALUES ('辛德勒的名单（1993）', 8.90, '史蒂文·斯皮尔伯格', '托马斯·肯尼利', '连姆·尼森', '传记', '美国', '英语', '1993-12-15 00:00:00', 185, NULL);
INSERT INTO `movies` VALUES ('无间道风云（2006）', 8.50, '马丁·斯科塞斯', '威廉·莫纳汉', '莱昂纳多·迪卡普里奥', '犯罪', '美国', '英语', '2006-10-04 00:00:00', 151, NULL);
INSERT INTO `movies` VALUES ('致命魔术（2006）', 8.50, '克里斯托弗·诺兰', '乔纳森·诺兰', '休·杰克曼', '剧情', '美国', '英语', '2006-10-19 00:00:00', 130, NULL);
INSERT INTO `movies` VALUES ('星球大战2：帝国反击战（1980）', 8.70, '厄文·克什纳', '利·布拉克特', '马克·哈米尔', '动作片', '美国', '英语', '1980-05-21 00:00:00', 127, NULL);
INSERT INTO `movies` VALUES ('华尔街之狼（2013）', 8.20, '马丁·斯科塞斯', '特伦斯·温特', '莱昂纳多·迪卡普里奥', '传记', '美国', '英语', '2013-12-25 00:00:00', 240, NULL);
INSERT INTO `movies` VALUES ('阿凡达（2009）', 8.70, '詹姆斯·卡梅隆', '詹姆斯·卡梅隆', '萨姆·沃辛顿', '动作片', '美国', '英语', '2009-12-18 00:00:00', 178, '天神下凡(港)');
INSERT INTO `movies` VALUES ('绿里奇迹（1999）', 8.60, '弗兰克·德拉邦特', '斯蒂芬·金', '汤姆·汉克斯', '犯罪', '美国', '英语', '1999-12-10 00:00:00', 114, NULL);
INSERT INTO `movies` VALUES ('记忆碎片（2000）', 8.40, '克里斯托弗·诺兰', '克里斯托弗·诺兰', '盖·皮尔斯', '悬疑', '美国', '英语', '2000-10-11 00:00:00', 113, NULL);
INSERT INTO `movies` VALUES ('教父2（1974）', 9.00, '弗朗西斯·福特·科波拉', '弗朗西斯·福特·科波拉', '阿尔·帕西诺', '犯罪', '美国', '英语', '1974-12-20 00:00:00', 220, NULL);
INSERT INTO `movies` VALUES ('禁闭岛（2010）', 8.10, '马丁·斯科塞斯', '莱塔·卡罗格里迪斯', '莱昂纳多·迪卡普里奥', '悬疑', '美国', '英语', '2010-02-18 00:00:00', 138, NULL);
INSERT INTO `movies` VALUES ('美国丽人（1999）', 8.30, '萨姆·门德斯', '艾伦·鲍尔', '凯文·史派西', '剧情', '美国', '英语', '1999-10-01 00:00:00', 122, NULL);
INSERT INTO `movies` VALUES ('泰坦尼克号（1997）', 7.80, '詹姆斯·卡梅隆', '詹姆斯·卡梅隆', '莱昂纳多·迪卡普里奥', '剧情', '美国', '英语', '1997-12-18 00:00:00', 194, NULL);
INSERT INTO `movies` VALUES ('美国X档案（1998）', 8.50, '托尼·凯耶', '戴维·麦克纳', '爱德华·诺顿', '剧情', '美国', '英语', '1998-11-20 00:00:00', 101, NULL);
INSERT INTO `movies` VALUES ('加勒比海盗（2003）', 8.00, '戈尔·维宾斯基', '泰德·艾略特', '约翰尼·德普', '动作片', '美国', '英语', '2003-07-09 00:00:00', 143, NULL);
INSERT INTO `movies` VALUES ('V字仇杀队（2006）', 8.20, '詹姆斯·麦克特格', '莉莉·沃卓斯基', '娜塔莉·波特曼', '动作片', '美国', '英语', '2006-03-15 00:00:00', 132, NULL);
INSERT INTO `movies` VALUES ('回到未来（1985）', 8.50, '罗伯特·泽米吉斯', '罗伯特·泽米吉斯', '迈克尔', '冒险', '美国', '英语', '1985-07-03 00:00:00', 116, NULL);
INSERT INTO `movies` VALUES ('这个杀手不太冷（1994）', 8.50, '吕克·贝松', '吕克·贝松', '让·雷诺', '动作片', '法国', '英语', '1994-09-14 00:00:00', 133, '这个杀手不太冷Léon');
INSERT INTO `movies` VALUES ('好家伙（1990）', 8.70, '马丁·斯科塞斯', '尼古拉斯·派勒吉', '罗伯特·德尼罗', '传记', '美国', '英语', '1990-09-12 00:00:00', 146, NULL);
INSERT INTO `movies` VALUES ('终结者2：审判日（1991）', 8.50, '詹姆斯·卡梅隆', '詹姆斯·卡梅隆', '阿诺·施瓦辛格', '动作片', '美国', '英语', '1991-07-03 00:00:00', 156, NULL);
INSERT INTO `movies` VALUES ('杀死比尔（2003）', 8.10, '昆汀·塔伦蒂诺', '昆汀·塔伦蒂诺', '乌玛·瑟曼', '动作片', '美国', '英语', '2003-10-10 00:00:00', 112, NULL);
INSERT INTO `movies` VALUES ('机器人总动员（2008）', 8.40, '安德鲁·斯坦顿', '安德鲁·斯坦顿', '佛莱德·威拉特', '冒险', '美国', '英语', '2008-06-26 00:00:00', 98, NULL);
INSERT INTO `movies` VALUES ('非常嫌疑犯（1995）', 8.50, '布莱恩·辛格', '克里斯托弗·麦奎里', '史蒂芬·鲍德温', '犯罪', '美国', '英语', '1995-07-19 00:00:00', 106, NULL);
INSERT INTO `movies` VALUES ('勇敢的心（1995）', 8.30, '梅尔·吉布森', '兰道尔·华莱士', 'JamesRobinson', '传记', '美国', '法语', '1995-05-18 00:00:00', 178, '惊世未了缘(港)');
INSERT INTO `movies` VALUES ('星球大战3：绝地归来（1983）', 8.30, '理查德·马昆德', 'LawrenceKasdan', '马克·哈米尔', '动作片', '美国', '英语', '1983-05-25 00:00:00', 134, NULL);
INSERT INTO `movies` VALUES ('钢铁侠（2008）', 7.90, '乔恩·费儒', '马克·弗格斯', '小罗伯特·唐尼', '动作片', '美国', '匈牙利语', '2008-04-30 00:00:00', 126, NULL);
INSERT INTO `movies` VALUES ('狮子王（1994）', 8.50, '罗杰·阿勒斯', '艾琳·梅琪', '杰夫·贝内特', '冒险', '美国', '英语', '1994-06-15 00:00:00', 89, NULL);
INSERT INTO `movies` VALUES ('楚门的世界（1998）', 8.10, '彼得·威尔', '安德鲁·尼科尔', '金·凯瑞', '喜剧', '美国', '英语', '1998-06-05 00:00:00', 103, NULL);
INSERT INTO `movies` VALUES ('第六感（1999）', 8.10, 'M.NightShyamalan', 'M.NightShyamalan', '布鲁斯·威利斯', '剧情', '美国', '英语', '1999-08-06 00:00:00', 107, NULL);
INSERT INTO `movies` VALUES ('星际探索（2019）', 6.60, '詹姆斯·格雷', '詹姆斯·格雷', '布拉德·皮特', '冒险', '中国大陆', '英语', '2019-09-18 00:00:00', 123, NULL);
INSERT INTO `movies` VALUES ('落水狗（1992）', 8.30, '昆汀·塔伦蒂诺', '昆汀·塔伦蒂诺', '哈威·凯特尔', '犯罪', '美国', '英语', '1992-09-02 00:00:00', 99, NULL);
INSERT INTO `movies` VALUES ('飞越疯人院（1975）', 8.70, '米洛斯·福尔曼', '劳伦斯·奥邦', '杰克·尼科尔森', '剧情', '美国', '英语', '1975-11-19 00:00:00', 133, NULL);
INSERT INTO `movies` VALUES ('暖暖内含光（2004）', 8.30, '米歇尔·贡德里', '查理·考夫曼', '金·凯瑞', '剧情', '美国', '英语', '2004-03-19 00:00:00', 108, NULL);
INSERT INTO `movies` VALUES ('夺宝奇兵（1981）', 8.40, '史蒂文·斯皮尔伯格', 'LawrenceKasdan', '哈里森·福特', '动作片', '美国', '英语', '1981-06-12 00:00:00', 115, NULL);
INSERT INTO `movies` VALUES ('玩具总动员（1995）', 8.30, '约翰·拉塞特', '约翰·拉塞特', 'NenadCvetko', '冒险', '美国', '英语', '1995-11-22 00:00:00', 74, NULL);
INSERT INTO `movies` VALUES ('星球大战7：原力觉醒（2015）', 7.90, 'J·J·艾布拉姆斯', 'LawrenceKasdan', '哈里森·福特', '动作片', '美国', '英语', '2015-12-16 00:00:00', 138, NULL);
INSERT INTO `movies` VALUES ('闪灵（1980）', 8.40, '斯坦利·库布里克', '斯蒂芬·金', '杰克·尼科尔森', '剧情', '英国', '英语', '1980-06-13 00:00:00', 142, NULL);
INSERT INTO `movies` VALUES ('侏罗纪公园（1993）', 8.10, '史蒂文·斯皮尔伯格', '迈克尔·克莱顿', '山姆·尼尔', '动作片', '美国', '英语', '1993-06-11 00:00:00', 127, NULL);
INSERT INTO `movies` VALUES ('消失的爱人（2014）', 8.10, '大卫·芬奇', '吉莉安·弗琳', '本·阿弗莱克', '剧情', '美国', '英语', '2014-10-01 00:00:00', 149, NULL);
INSERT INTO `movies` VALUES ('心灵捕手（1997）', 8.30, '格斯·范·桑特', '马特·达蒙', '马特·达蒙', '剧情', '美国', '英语', '1998-01-09 00:00:00', 126, NULL);
INSERT INTO `movies` VALUES ('美丽心灵（2002）', 8.20, '朗·霍华德', '阿齐瓦·高斯曼', '罗素·克劳', '传记', '美国', '英语', '2002-01-04 00:00:00', 135, NULL);
INSERT INTO `movies` VALUES ('老无所依（2007）', 8.10, '伊桑·科恩', '乔尔·科恩', 'TommyLeeJones', '犯罪', '美国', '英语', '2007-11-21 00:00:00', 122, NULL);
INSERT INTO `movies` VALUES ('怪兽电力公司（2001）', 8.00, '彼特·道格特', '彼特·道格特', 'StojanMatavulj', '冒险', '美国', '英语', '2001-11-02 00:00:00', 92, NULL);
INSERT INTO `movies` VALUES ('贫民窟的百万富翁（2008）', 8.00, '丹尼·博伊尔', '西蒙·博福伊', '戴夫·帕特尔', '剧情', '英国', '英语', '2008-12-05 00:00:00', 120, NULL);
INSERT INTO `movies` VALUES ('终结者（1984）', 8.00, '詹姆斯·卡梅隆', '詹姆斯·卡梅隆', '阿诺·施瓦辛格', '动作片', '英国', '英语', '1984-10-26 00:00:00', 107, NULL);
INSERT INTO `movies` VALUES ('绝地逃亡（2016）', 5.70, '雷尼·哈林', '杰·朗吉诺', '成龙', '动作片', '中国大陆', '普通话', '2016-07-21 00:00:00', 107, NULL);
INSERT INTO `movies` VALUES ('猫鼠游戏（2002）', 8.10, '史蒂文·斯皮尔伯格', '杰夫·内桑森', '莱昂纳多·迪卡普里奥', '传记', '美国', '英语', '2002-12-16 00:00:00', 141, NULL);
INSERT INTO `movies` VALUES ('22英里（2018）', 6.10, '彼得·博格', '利·卡彭特', '马克·沃尔伯格', '动作片', '中国大陆', '菲律宾语', '2018-08-16 00:00:00', 94, NULL);
INSERT INTO `movies` VALUES ('虎胆龙威（1988）', 8.20, '约翰·麦克蒂尔南', '罗德里戈·索普', '布鲁斯·威利斯', '动作片', '美国', '英语', '1988-07-20 00:00:00', 132, NULL);
INSERT INTO `movies` VALUES ('小丑（2019）', 8.50, '托德·菲利普斯', '托德·菲利普斯', '华金·菲尼克斯', '犯罪', '美国', '英语', '2019-10-01 00:00:00', 122, NULL);
INSERT INTO `movies` VALUES ('偷拐抢骗（2000）', 8.30, '盖·里奇', '盖·里奇', '本尼西奥·德尔', '犯罪', '英国', '英语', '2000-09-01 00:00:00', 102, NULL);
INSERT INTO `movies` VALUES ('大黄蜂（2018）', 6.80, '特拉维斯·奈特', '克里斯蒂娜·霍德森', '海莉·斯坦菲尔德', '动作片', '中国大陆', '英语', '2018-12-13 00:00:00', 114, NULL);
INSERT INTO `movies` VALUES ('异形（1979）', 8.40, '雷德利·斯科特', '丹·欧班农', '汤姆·斯凯里特', '恐怖', '英国', '英语', '1979-05-28 00:00:00', 116, NULL);
INSERT INTO `movies` VALUES ('霍比特人1：意外之旅（2012）', 7.80, '彼得·杰克逊', '弗兰·威尔士', '伊恩·麦克莱恩', '冒险', '新西兰', '英语', '2012-12-12 00:00:00', 182, NULL);
INSERT INTO `movies` VALUES ('罪恶之城（2005）', 8.00, '弗兰克·米勒', '弗兰克·米勒', '杰西卡·阿尔芭', '犯罪', '美国', '英语', '2005-04-01 00:00:00', 147, NULL);
INSERT INTO `movies` VALUES ('梦之安魂曲（2000）', 8.30, '达伦·阿伦诺夫斯基', '小胡伯特·塞尔比', '艾伦·伯斯汀', '剧情', '美国', '英语', '2000-11-03 00:00:00', 102, NULL);
INSERT INTO `movies` VALUES ('火星救援（2015）', 8.00, '雷德利·斯科特', '德鲁·高达', '马特·达蒙', '冒险', '英国', '英语', '2015-09-30 00:00:00', 151, NULL);
INSERT INTO `movies` VALUES ('发条橙（1971）', 8.30, '斯坦利·库布里克', '斯坦利·库布里克', '马尔科姆·麦克道威尔', '犯罪', '英国', '英语', '1972-01-13 00:00:00', 136, NULL);
INSERT INTO `movies` VALUES ('死亡幻觉（2002）', 8.00, '理查德·凯利', '理查德·凯利', '杰克·吉伦哈尔', '剧情', '美国', '英语', '2002-01-30 00:00:00', 134, NULL);
INSERT INTO `movies` VALUES ('雷神（2011）', 7.00, '肯尼思·布拉纳', '阿什利·米勒', '克里斯·海姆斯沃斯', '动作片', '美国', '英语', '2011-04-21 00:00:00', 115, NULL);
INSERT INTO `movies` VALUES ('摩天营救（2018）', 5.80, '罗森·马歇尔', '罗森·马歇尔', '道恩·强森', '动作片', '中国香港', '英语', '2018-07-11 00:00:00', 102, NULL);
INSERT INTO `movies` VALUES ('斯巴达300勇士（2007）', 7.60, '扎克·施奈德', '扎克·施奈德', '杰拉德·巴特勒', '动作片', '美国', '英语', '2006-12-09 00:00:00', 117, '300壮士：斯巴达的逆袭(台)');
INSERT INTO `movies` VALUES ('美国队长（2011）', 6.90, '乔·庄斯顿', '克里斯托弗·马库斯', '克里斯·埃文斯', '动作片', '美国', '英语', '2011-07-19 00:00:00', 124, NULL);
INSERT INTO `movies` VALUES ('疤面煞星（1983）', 8.30, '布莱恩·德', '奥利佛·斯通', '阿尔·帕西诺', '犯罪', '美国', '英语', '1983-12-09 00:00:00', 142, NULL);
INSERT INTO `movies` VALUES ('星球大战前传1：幽灵的威胁（1999）', 6.50, '乔治·卢卡斯', '乔治·卢卡斯', '连姆·尼森', '动作片', '美国', '英语', '1999-05-16 00:00:00', 136, NULL);
INSERT INTO `movies` VALUES ('谋杀绿脚趾（1998）', 8.10, '乔尔·科恩', '伊桑·科恩', '杰夫·布里吉斯', '犯罪', '美国', '英语', '1998-03-06 00:00:00', 117, NULL);
INSERT INTO `movies` VALUES ('钢琴家（2002）', 8.50, '罗曼·波兰斯基', '罗纳德·哈伍德', '艾德里安·布洛迪', '传记', '英国', '英语', '2002-09-25 00:00:00', 150, NULL);
INSERT INTO `movies` VALUES ('星球大战前传3：西斯的复仇（2005）', 7.50, '乔治·卢卡斯', '乔治·卢卡斯', '伊万·麦克格雷格', '动作片', '美国', '英语', '2005-05-17 00:00:00', 140, NULL);
INSERT INTO `movies` VALUES ('天使爱美丽（2001）', 8.30, 'Jean-PierreJeunet', '纪尧姆·洛朗', '奥黛丽·塔图', '喜剧', '法国', '法语', '2001-04-25 00:00:00', 122, NULL);
INSERT INTO `movies` VALUES ('黑衣人：全球追缉（2019）', 5.60, 'F.GaryGray', '马特·霍洛维', '克里斯·海姆斯沃斯', '动作片', '中国大陆', '英语', '2019-06-12 00:00:00', 114, NULL);
INSERT INTO `movies` VALUES ('出租车司机（1976）', 8.30, '马丁·斯科塞斯', '保罗·施拉德', 'DiahnneAbbott', '犯罪', '美国', '英语', '1976-02-08 00:00:00', 110, NULL);
INSERT INTO `movies` VALUES ('功夫熊猫3（2016）', 7.10, '亚历山德罗·卡罗尼', '乔纳森·阿贝尔', 'KresimirMikic', '动作片', '中国大陆', '英语', '2016-01-28 00:00:00', 95, NULL);
INSERT INTO `movies` VALUES ('布达佩斯大饭店（2014）', 8.10, '韦斯·安德森', '斯蒂芬·茨威格', '拉尔夫·费因斯', '冒险', '德国', '英语', '2014-02-26 00:00:00', 99, NULL);
INSERT INTO `movies` VALUES ('黑天鹅（2010）', 8.00, '达伦·阿伦诺夫斯基', '马克·海曼', '娜塔莉·波特曼', '剧情', '美国', '英语', '2010-12-17 00:00:00', 108, NULL);
INSERT INTO `movies` VALUES ('魔兽（2016）', 6.80, '邓肯·琼斯', '查尔斯·里维特', '崔维斯·费米尔', '动作片', '中国大陆', '英语', '2016-05-25 00:00:00', 123, NULL);
INSERT INTO `movies` VALUES ('上帝之城（2002）', 8.60, '费尔南多·梅里尔斯', '保罗·林斯', '亚历桑德雷·罗德里格斯', '犯罪', '巴西', '葡萄牙语', '2002-08-30 00:00:00', 135, NULL);
INSERT INTO `movies` VALUES ('爆裂鼓手（2014）', 8.50, '达米恩·查泽雷', '达米恩·查泽雷', '迈尔斯·特勒', '剧情', '美国', '英语', '2014-10-15 00:00:00', 106, NULL);
INSERT INTO `movies` VALUES ('超人：钢铁之躯（2013）', 7.10, '扎克·施奈德', '大卫', '亨利·卡维尔', '动作片', '美国', '英语', '2013-06-12 00:00:00', 143, NULL);
INSERT INTO `movies` VALUES ('蜘蛛侠（2002）', 7.30, '山姆·雷米', '斯坦·李', '托比·马奎尔', '动作片', '美国', '英语', '2002-05-01 00:00:00', 121, NULL);
INSERT INTO `movies` VALUES ('恐袭波士顿（2016）', 7.40, '彼得·博格', '彼得·博格', '马克·沃尔伯格', '动作片', '中国香港', '英语', '2017-01-06 00:00:00', 133, NULL);
INSERT INTO `movies` VALUES ('夺宝奇兵3（1989）', 8.20, '史蒂文·斯皮尔伯格', '杰弗里·鲍姆', '哈里森·福特', '动作片', '美国', '英语', '1989-05-24 00:00:00', 127, NULL);
INSERT INTO `movies` VALUES ('荒野猎人（2015）', 8.00, '亚利桑德罗·冈萨雷斯', '马克', '莱昂纳多·迪卡普里奥', '动作片', '美国', '英语', '2016-01-07 00:00:00', 156, NULL);
INSERT INTO `movies` VALUES ('银翼杀手（1982）', 8.10, '雷德利·斯科特', '汉普顿·范彻', '哈里森·福特', '动作片', '美国', '英语', '1982-06-25 00:00:00', 110, NULL);
INSERT INTO `movies` VALUES ('我是传奇（2007）', 7.20, '弗朗西斯·劳伦斯', '马克·波托塞维奇', '威尔·史密斯', '冒险', '美国', '英语', '2007-12-12 00:00:00', 104, NULL);
INSERT INTO `movies` VALUES ('模仿游戏（2014）', 8.00, '莫滕·泰杜姆', '格拉汉姆·摩尔', '本尼迪克特·康伯巴奇', '传记', '英国', '英语', '2014-11-14 00:00:00', 114, NULL);
INSERT INTO `movies` VALUES ('黄金三镖客（1966）', 8.80, '赛尔乔·莱昂内', '卢恰诺·温琴佐尼', '埃里·瓦拉赫', '西部', '意大利', '意大利语', '1966-12-23 00:00:00', 142, NULL);
INSERT INTO `movies` VALUES ('杀死比尔2（2004）', 8.00, '昆汀·塔伦蒂诺', '昆汀·塔伦蒂诺', '薇薇卡·福克斯', '动作片', '美国', '英语', '2004-04-16 00:00:00', 137, NULL);
INSERT INTO `movies` VALUES ('速度与激情8（2017）', 6.70, 'F.GaryGray', '盖瑞·斯科特', '范·迪塞尔', '动作片', '中国大陆', '英语', '2017-04-12 00:00:00', 148, NULL);
INSERT INTO `movies` VALUES ('X战警：逆转未来（2014）', 8.00, '布莱恩·辛格', '西蒙·金伯格', '休·杰克曼', '动作片', '美国', '英语', '2014-05-20 00:00:00', 151, 'X战警:逆转未来');
INSERT INTO `movies` VALUES ('十二怒汉（1957）', 8.90, '西德尼·吕美特', '雷金纳德·罗斯', '马丁·鲍尔萨姆', '剧情', '美国', '英语', '1957-04-10 00:00:00', 96, NULL);
INSERT INTO `movies` VALUES ('全金属外壳（1987）', 8.30, '斯坦利·库布里克', '斯坦利·库布里克', '马修·莫迪恩', '剧情', '英国', '英语', '1987-07-10 00:00:00', 116, NULL);
INSERT INTO `movies` VALUES ('加勒比海盗2：聚魂棺（2006）', 7.30, '戈尔·维宾斯基', '泰德·艾略特', '约翰尼·德普', '动作片', '美国', '英语', '2006-07-06 00:00:00', 151, NULL);
INSERT INTO `movies` VALUES ('美国队长3：内战（2016）', 7.80, '安东尼·罗素', '克里斯托弗·马库斯', '克里斯·埃文斯', '动作片', '美国', '英语', '2016-04-27 00:00:00', 147, NULL);
INSERT INTO `movies` VALUES ('超人总动员（2004）', 8.00, '布拉德·伯德', '布拉德·伯德', '瑞内·比托拉贾奇', '动作片', '美国', '英语', '2004-11-05 00:00:00', 115, NULL);
INSERT INTO `movies` VALUES ('异形2（1986）', 8.30, '詹姆斯·卡梅隆', '詹姆斯·卡梅隆', '西格妮·韦弗', '动作片', '美国', '英语', '1986-07-18 00:00:00', 154, NULL);
INSERT INTO `movies` VALUES ('为奴十二年（2013）', 8.10, '史蒂夫·麦奎因', '约翰·里德利', '切瓦特·埃加福', '传记', '英国', '英语', '2013-11-08 00:00:00', 134, NULL);
INSERT INTO `movies` VALUES ('猜火车（1996）', 8.10, '丹尼·博伊尔', '埃文·威尔什', '伊万·麦克格雷格', '剧情', '英国', '英语', '1996-02-23 00:00:00', 105, NULL);
INSERT INTO `movies` VALUES ('金刚狼3：殊死一战（2017）', 8.10, '詹姆斯·曼高德', '詹姆斯·曼高德', '休·杰克曼', '动作片', '美国', '英语', '2017-02-28 00:00:00', 122, NULL);
INSERT INTO `movies` VALUES ('星球大战前传2：克隆人的进攻（2002）', 6.50, '乔治·卢卡斯', '乔治·卢卡斯', '伊万·麦克格雷格', '动作片', '美国', '英语', '2002-05-16 00:00:00', 142, NULL);
INSERT INTO `movies` VALUES ('百万美元宝贝（2005）', 8.10, '克林特·伊斯特伍德', '保罗·哈吉斯', '克林特·伊斯特伍德', '剧情', '美国', '英语', '2005-01-14 00:00:00', 132, NULL);
INSERT INTO `movies` VALUES ('蝙蝠侠大战超人：正义黎明（2016）', 6.50, '扎克·施奈德', '克里斯·特里奥', '本·阿弗莱克', '动作片', '美国', '英语', '2016-03-23 00:00:00', 183, NULL);
INSERT INTO `movies` VALUES ('饥饿游戏2：星火燎原（2013）', 7.50, '弗朗西斯·劳伦斯', '西蒙·博福伊', '詹妮弗·劳伦斯', '动作片', '美国', '英语', '2013-11-15 00:00:00', 146, NULL);
INSERT INTO `movies` VALUES ('哈利·波特与魔法石（2001）', 7.60, '克里斯·哥伦布', 'J·K·罗琳', '理查德·哈里斯', '冒险', '英国', '英语', '2001-11-04 00:00:00', 159, NULL);
INSERT INTO `movies` VALUES ('潘神的迷宫（2006）', 8.20, '吉尔莫·德尔', '吉尔莫·德尔', '伊万娜·巴克罗', '剧情', '墨西哥', '西班牙语', '2006-10-11 00:00:00', 112, NULL);
INSERT INTO `movies` VALUES ('谍影重重3 （2007）', 8.00, '保罗·格林格拉斯', '托尼·吉尔罗伊', '马特·达蒙', '动作片', '美国', '英语', '2007-08-03 00:00:00', 115, NULL);
INSERT INTO `movies` VALUES ('怪物史瑞克（2001）', 7.80, '安德鲁·亚当森', '威廉·史塔克', 'PattyCornell', '冒险', '美国', '英语', '2001-05-18 00:00:00', 90, NULL);
INSERT INTO `movies` VALUES ('冰血暴（1996）', 8.10, '乔尔·科恩', '伊桑·科恩', '威廉姆·H·梅西', '犯罪', '美国', '英语', '1996-04-05 00:00:00', 98, NULL);
INSERT INTO `movies` VALUES ('变形金刚（2007）', 7.00, '迈克尔·贝', '罗伯托·奥奇', '希亚·拉博夫', '动作片', '美国', '英语', '2007-06-28 00:00:00', 144, NULL);
INSERT INTO `movies` VALUES ('霍比特人2：史矛革之战（2013）', 7.80, '彼得·杰克逊', '弗兰·威尔士', '伊恩·麦克莱恩', '冒险', '新西兰', '英语', '2013-12-11 00:00:00', 186, NULL);
INSERT INTO `movies` VALUES ('美丽人生（1997）', 8.60, '罗伯托·贝尼尼', '温琴佐·切拉米', '罗伯托·贝尼尼', '喜剧', '意大利', '意大利语', '1997-12-20 00:00:00', 116, NULL);
INSERT INTO `movies` VALUES ('加勒比海盗3：世界的尽头（2007）', 7.10, '戈尔·维宾斯基', '泰德·艾略特', '约翰尼·德普', '动作片', '美国', '英语', '2007-05-22 00:00:00', 128, NULL);
INSERT INTO `movies` VALUES ('僵尸世界大战（2013）', 7.00, '马克·福斯特', '马修·迈克尔', '布拉德·皮特', '动作片', '美国', '英语', '2013-06-19 00:00:00', 123, NULL);
INSERT INTO `movies` VALUES ('现代启示录（1979）', 8.40, '弗朗西斯·福特·科波拉', '约翰·米利厄斯', '马龙·白兰度', '剧情', '美国', '英语', '1979-08-15 00:00:00', 183, NULL);
INSERT INTO `movies` VALUES ('雷神2：黑暗世界（2013）', 6.90, '阿兰·泰勒', '克里斯托弗·约斯特', '克里斯·海姆斯沃斯', '动作片', '美国', '英语', '2013-10-30 00:00:00', 112, NULL);
INSERT INTO `movies` VALUES ('王牌特工：特工学院（2014）', 7.70, '马修·沃恩', '简·古德曼', '艾德里安·奎因顿', '动作片', '英国', '英语', '2015-01-29 00:00:00', 129, NULL);
INSERT INTO `movies` VALUES ('2001太空漫游 2001（1968）', 8.30, '斯坦利·库布里克', '斯坦利·库布里克', 'KeirDullea', '冒险', '美国', '英语', '1968-04-02 00:00:00', 149, NULL);
INSERT INTO `movies` VALUES ('星际迷航（2009）', 7.90, 'J·J·艾布拉姆斯', '罗伯托·奥奇', '克里斯·派恩', '动作片', '美国', '英语', '2009-05-06 00:00:00', 127, NULL);
INSERT INTO `movies` VALUES ('惊魂记（1960）', 8.50, '阿尔弗雷德·希区柯克', '约瑟夫·斯蒂凡诺', '安东尼·博金斯', '恐怖', '美国', '英语', '1960-09-08 00:00:00', 108, NULL);
INSERT INTO `movies` VALUES ('大侦探福尔摩斯（2009）', 7.60, '盖·里奇', '迈克尔·罗伯特', '小罗伯特·唐尼', '动作片', '美国', '英语', '2009-12-24 00:00:00', 128, NULL);
INSERT INTO `movies` VALUES ('自杀小队（2016）', 6.00, '大卫·阿耶', '大卫·阿耶', '威尔·史密斯', '动作片', '美国', '英语', '2016-08-03 00:00:00', 134, NULL);
INSERT INTO `movies` VALUES ('本杰明·巴顿奇事（2008）', 7.80, '大卫·芬奇', '艾瑞克·罗斯', '凯特·布兰切特', '剧情', '美国', '英语', '2008-12-25 00:00:00', 166, NULL);
INSERT INTO `movies` VALUES ('降临（2016）', 7.90, '丹尼斯·维伦纽瓦', '埃里克·海瑟尔', '艾米·亚当斯', '剧情', '美国', '英语', '2016-11-10 00:00:00', 116, NULL);
INSERT INTO `movies` VALUES ('侏罗纪世界（2015）', 7.00, '科林·特雷沃罗', '里克·杰法', '克里斯·帕拉特', '动作片', '美国', '英语', '2015-06-10 00:00:00', 124, NULL);
INSERT INTO `movies` VALUES ('土拨鼠之日（1993）', 8.00, '哈罗德·雷米斯', '丹尼·鲁宾', '比尔·默瑞', '喜剧', '美国', '英语', '1993-02-12 00:00:00', 101, NULL);
INSERT INTO `movies` VALUES ('逃离德黑兰（2012）', 7.70, '本·阿弗莱克', '克里斯·特里奥', '本·阿弗莱克', '传记', '美国', '英语', '2012-10-11 00:00:00', 130, NULL);
INSERT INTO `movies` VALUES ('007：大战皇家赌场（2006）', 8.00, '马丁·坎贝尔', '尼尔·珀维斯', '丹尼尔·克雷格', '动作片', '英国', '塞尔维亚语', '2006-11-14 00:00:00', 144, NULL);
INSERT INTO `movies` VALUES ('少年派的奇幻漂流（2012）', 7.90, '李安', '扬·马特尔', '苏拉·沙玛', '冒险', '美国', '阿拉伯语', '2012-09-28 00:00:00', 127, '少年Pi的奇幻漂流');
INSERT INTO `movies` VALUES ('十二猴子（1995）', 8.00, '特瑞·吉列姆', '克里斯·马克', 'JosephMelito', '悬疑', '美国', '英语', '1996-01-05 00:00:00', 129, NULL);
INSERT INTO `movies` VALUES ('鸟人（2014）', 7.70, '亚利桑德罗·冈萨雷斯', '亚利桑德罗·冈萨雷斯', '迈克尔·基顿', '喜剧', '美国', '英语', '2014-11-13 00:00:00', 119, NULL);
INSERT INTO `movies` VALUES ('X战警（2000）', 7.40, '布莱恩·辛格', 'TomDeSanto', '休·杰克曼', '动作片', '美国', '英语', '2000-07-13 00:00:00', 104, NULL);
INSERT INTO `movies` VALUES ('冰雪奇缘（2013）', 7.50, '克里斯·巴克', '珍妮弗·李', 'KatieLopez', '冒险', '美国', '英语', '2013-11-20 00:00:00', 102, NULL);
INSERT INTO `movies` VALUES ('飓风营救（2008）', 7.80, '皮埃尔·莫瑞尔', '吕克·贝松', '连姆·尼森', '动作片', '法国', '英语', '2008-02-27 00:00:00', 93, NULL);
INSERT INTO `movies` VALUES ('盗火线（1995）', 8.20, '迈克尔·曼', '迈克尔·曼', '阿尔·帕西诺', '犯罪', '美国', '英语', '1995-12-15 00:00:00', 170, NULL);
INSERT INTO `movies` VALUES ('荒野生存（2007）', 8.10, '西恩·潘', '西恩·潘', '埃米尔·赫斯基', '冒险', '美国', '英语', '2007-09-28 00:00:00', 148, NULL);
INSERT INTO `movies` VALUES ('亡命驾驶（2011）', 7.80, '尼古拉斯·温丁', '霍辛·阿米尼', '瑞恩·高斯林', '犯罪', '美国', '英语', '2011-09-15 00:00:00', 100, NULL);
INSERT INTO `movies` VALUES ('超凡蜘蛛侠（2012）', 6.90, '马克·韦布', '詹姆斯·范德比尔特', '安德鲁·加菲尔德', '动作片', '美国', '英语', '2012-06-28 00:00:00', 136, NULL);
INSERT INTO `movies` VALUES ('蚁人（2015）', 7.30, '佩顿·里德', '埃德加·赖特', '保罗·路德', '动作片', '美国', '英语', '2015-07-14 00:00:00', 117, NULL);
INSERT INTO `movies` VALUES ('银河护卫队2（2017）', 7.60, '詹姆斯·古恩', '詹姆斯·古恩', '克里斯·帕拉特', '动作片', '美国', '英语', '2017-04-25 00:00:00', 136, NULL);
INSERT INTO `movies` VALUES ('星球大战8：最后的绝地武士（2017）', 7.00, '莱恩·约翰逊', '莱恩·约翰逊', '马克·哈米尔', '动作片', '美国', '英语', '2017-12-13 00:00:00', 152, NULL);
INSERT INTO `movies` VALUES ('星球大战外传：侠盗一号（2016）', 7.80, '加里斯·爱德华斯', '克里斯·韦兹', '菲丽希缇·琼斯', '动作片', '美国', '英语', '2016-12-14 00:00:00', 133, NULL);
INSERT INTO `movies` VALUES ('大白鲨（1975）', 8.00, '史蒂文·斯皮尔伯格', '彼得·本奇利', '罗伊·沙伊德尔', '冒险', '美国', '英语', '1975-06-20 00:00:00', 130, NULL);
INSERT INTO `movies` VALUES ('Spider-Man 2（2004）', 7.30, '山姆·雷米', '斯坦·李', '托比·马奎尔', '动作片', '美国', '英语', '2004-06-25 00:00:00', 135, NULL);
INSERT INTO `movies` VALUES ('神奇女侠（2017）', 7.40, '派蒂·杰金斯', '艾伦·海因伯格', '盖尔·加朵', '动作片', '美国', '英语', '2017-05-30 00:00:00', 141, NULL);
INSERT INTO `movies` VALUES ('哈利·波特与密室（2002）', 7.40, '克里斯·哥伦布', 'J·K·罗琳', '丹尼尔·雷德克里夫', '冒险', '英国', '英语', '2002-11-13 00:00:00', 174, NULL);
INSERT INTO `movies` VALUES ('哈利·波特与阿兹卡班的囚徒（2004）', 7.90, '阿方索·卡隆', 'J·K·罗琳', '丹尼尔·雷德克里夫', '冒险', '英国', '英语', '2004-05-31 00:00:00', 142, NULL);
INSERT INTO `movies` VALUES ('敦刻尔克（2017）', 7.90, '克里斯托弗·诺兰', '克里斯托弗·诺兰', '菲恩·怀特海德', '动作片', '英国', '英语', '2017-07-19 00:00:00', 106, NULL);
INSERT INTO `movies` VALUES ('哈利·波特与火焰杯（2005）', 7.70, '迈克·内威尔', '史蒂夫·克洛夫斯', '埃里克·赛克斯', '冒险', '英国', '英语', '2005-11-16 00:00:00', 166, NULL);
INSERT INTO `movies` VALUES ('独立日（1996）', 7.00, '罗兰·艾默里奇', '迪安·德夫林', '威尔·史密斯', '动作片', '美国', '英语', '1996-07-02 00:00:00', 154, NULL);
INSERT INTO `movies` VALUES ('洛城机密（1997）', 8.20, '柯蒂斯·汉森', '詹姆斯·艾罗瑞', '凯文·史派西', '犯罪', '美国', '英语', '1997-09-19 00:00:00', 138, NULL);
INSERT INTO `movies` VALUES ('两杆大烟枪（1998）', 8.20, '盖·里奇', '盖·里奇', '杰森·弗莱明', '犯罪', '英国', '英语', '1998-08-28 00:00:00', 107, NULL);
INSERT INTO `movies` VALUES ('疾速追杀（2014）', 7.40, '查德·斯塔赫斯基', '德里克·科尔斯塔', '基努·里维斯', '动作片', '美国', '英语', '2014-10-23 00:00:00', 101, NULL);
INSERT INTO `movies` VALUES ('太坏了（2007）', 7.60, '格雷格·莫托拉', '塞斯·罗根', '乔纳·希尔', '喜剧', '美国', '英语', '2007-08-17 00:00:00', 119, NULL);
INSERT INTO `movies` VALUES ('玩具总动员2（1999）', 7.90, '约翰·拉塞特', '约翰·拉塞特', '罗伯特·顾雷特', '冒险', '美国', '英语', '1999-11-24 00:00:00', 82, NULL);
INSERT INTO `movies` VALUES ('X2（2003）', 7.40, '布莱恩·辛格', '扎克·佩恩', '帕特里克·斯图尔特', '动作片', '加拿大', '英语', '2003-04-25 00:00:00', 134, NULL);
INSERT INTO `movies` VALUES ('卡萨布兰卡（1942）', 8.50, '迈克尔·柯蒂兹', '朱利叶斯', '亨弗莱·鲍嘉', '剧情', '美国', '英语', '1942-12-09 00:00:00', 82, NULL);
INSERT INTO `movies` VALUES ('黑衣人（1997）', 7.30, '巴里·索南菲尔德', '劳威尔·坎宁安', 'TommyLeeJones', '动作片', '美国', '英语', '1997-07-02 00:00:00', 98, NULL);
INSERT INTO `movies` VALUES ('黑客帝国2：重装上阵（2003）', 7.20, '拉娜·沃卓斯基', '莉莉·沃卓斯基', 'RayAnthony', '动作片', '美国', '英语', '2003-05-15 00:00:00', 138, NULL);
INSERT INTO `movies` VALUES ('恋恋笔记本（2004）', 7.80, '尼克·卡萨维蒂', '杰里米·莱文', 'TimIvey', '剧情', '美国', '英语', '2004-06-25 00:00:00', 123, NULL);
INSERT INTO `movies` VALUES ('洛奇（1976）', 8.10, 'JohnG.Avildsen', '西尔维斯特·史泰龙', '西尔维斯特·史泰龙', '剧情', '美国', '英语', '1976-12-03 00:00:00', 145, NULL);
INSERT INTO `movies` VALUES ('荒岛余生（2000）', 7.80, '罗伯特·泽米吉斯', '小威廉·保尔斯', '1931-09-21', '冒险', '美国', '英语', '2000-12-22 00:00:00', 143, NULL);
INSERT INTO `movies` VALUES ('十一罗汉（2001）', 7.70, '史蒂文·索德伯格', '乔治·克莱顿', '乔治·克鲁尼', '犯罪', '美国', '英语', '2001-12-07 00:00:00', 116, NULL);
INSERT INTO `movies` VALUES ('谍影重重（2002）', 7.90, '道格·里曼', '托尼·吉尔罗伊', '马特·达蒙', '动作片', '美国', '英语', '2002-06-14 00:00:00', 119, NULL);
INSERT INTO `movies` VALUES ('僵尸肖恩（2004）', 7.90, '埃德加·赖特', '西蒙·佩吉', '西蒙·佩吉', '喜剧', '英国', '英语', '2004-04-09 00:00:00', 99, NULL);
INSERT INTO `movies` VALUES ('少数派报告（2002）', 7.60, '史蒂文·斯皮尔伯格', '菲利普', '汤姆·克鲁斯', '动作片', '美国', '英语', '2002-06-20 00:00:00', 145, NULL);
INSERT INTO `movies` VALUES ('八恶人（2015）', 7.80, '昆汀·塔伦蒂诺', '昆汀·塔伦蒂诺', '塞缪尔·杰克逊', '犯罪', '美国', '英语', '2015-12-30 00:00:00', 213, NULL);
INSERT INTO `movies` VALUES ('血色将至（2008）', 8.20, '保罗·托马斯', '保罗·托马斯', '丹尼尔·戴', '剧情', '美国', '英语', '2008-01-25 00:00:00', 158, NULL);
INSERT INTO `movies` VALUES ('老男孩（2003）', 8.40, '朴赞郁', '土屋加仑', '崔岷植', '动作片', '韩国', '韩语', '2003-11-21 00:00:00', 101, NULL);
INSERT INTO `movies` VALUES ('守望者（2009）', 7.60, '扎克·施奈德', '大卫·海特', '玛琳·阿克曼', '动作片', '美国', '英语', '2009-03-04 00:00:00', 215, NULL);
INSERT INTO `movies` VALUES ('我是机器人（2004）', 7.10, '亚历克斯·普罗亚斯', '杰夫·温塔', '威尔·史密斯', '动作片', '美国', '英语', '2004-07-15 00:00:00', 115, NULL);
INSERT INTO `movies` VALUES ('巨蟒与圣杯（1975）', 8.20, '特瑞·吉列姆', 'GrahamChapman', 'GrahamChapman', '冒险', '英国', '英语', '1975-05-25 00:00:00', 91, NULL);
INSERT INTO `movies` VALUES ('蜘蛛侠：英雄归来（2017）', 7.40, '乔·沃茨', '乔纳森', '汤姆·赫兰德', '动作片', '美国', '英语', '2017-07-05 00:00:00', 133, NULL);
INSERT INTO `movies` VALUES ('Spider-Man 3（2007）', 6.20, '山姆·雷米', '山姆·雷米', '托比·马奎尔', '动作片', '美国', '英语', '2007-04-03 00:00:00', 137, NULL);
INSERT INTO `movies` VALUES ('朱诺（2007）', 7.40, '贾森·雷特曼', '迪亚波罗·科蒂', '艾利奥特·佩吉', '喜剧', '美国', '英语', '2007-12-25 00:00:00', 96, NULL);
INSERT INTO `movies` VALUES ('血钻（2006）', 8.00, '爱德华·兹威克', '查尔斯·里维特', '莱昂纳多·迪卡普里奥', '冒险', '美国', '英语', '2006-12-08 00:00:00', 143, NULL);
INSERT INTO `movies` VALUES ('哈利波特与凤凰社（2007）', 7.50, '大卫·叶茨', '迈克尔·戈登伯格', '丹尼尔·雷德克里夫', '动作片', '英国', '英语', '2007-07-11 00:00:00', 138, NULL);
INSERT INTO `movies` VALUES ('爱乐之城（2016）', 8.00, '达米恩·查泽雷', '达米恩·查泽雷', '瑞恩·高斯林', '喜剧', '美国', '英语', '2016-12-07 00:00:00', 128, NULL);
INSERT INTO `movies` VALUES ('特洛伊（2004）', 7.20, '沃尔夫冈·彼德森', 'Homer', '朱利安·格洛弗', '剧情', '美国', '英语', '2004-05-13 00:00:00', 196, NULL);
INSERT INTO `movies` VALUES ('X战警：背水一战（2006）', 6.70, '布莱特·拉特纳', '西蒙·金伯格', '休·杰克曼', '动作片', '加拿大', '英语', '2006-05-23 00:00:00', 104, NULL);
INSERT INTO `movies` VALUES ('Source Code（2011）', 7.50, '邓肯·琼斯', '本·雷普利', '杰克·吉伦哈尔', '动作片', '美国', '英语', '2011-03-31 00:00:00', 93, NULL);
INSERT INTO `movies` VALUES ('The Hobbit: The Battle of the Five Armies（2014）', 7.40, '彼得·杰克逊', '弗兰·威尔士', '伊恩·麦克莱恩', '冒险', '新西兰', '英语', '2014-12-10 00:00:00', 164, NULL);
INSERT INTO `movies` VALUES ('雨人（1988）', 8.00, '巴瑞·莱文森', '巴里·莫罗', '达斯汀·霍夫曼', '剧情', '美国', '英语', '1988-12-16 00:00:00', 133, NULL);
INSERT INTO `movies` VALUES ('环太平洋（2013）', 6.90, '吉尔莫·德尔', '特拉维斯·比彻姆', '查理·汉纳姆', '动作片', '美国', '英语', '2013-07-11 00:00:00', 131, NULL);
INSERT INTO `movies` VALUES ('Get Out（2017）', 7.70, '乔丹·皮尔', '乔丹·皮尔', '丹尼尔·卡卢亚', '恐怖', '美国', '英语', '2017-02-24 00:00:00', 104, NULL);
INSERT INTO `movies` VALUES ('杰克·瑞奇：永不退缩（2016）', 6.10, '爱德华·兹威克', '理查德·温克', '汤姆·克鲁斯', '动作片', '中国大陆', '英语', '2016-10-19 00:00:00', 118, NULL);
INSERT INTO `movies` VALUES ('美国心理（2000）', 7.60, 'MaryHarron', '布莱特·伊斯顿', '克里斯蒂安·贝尔', '犯罪', '美国', '英语', '2000-04-14 00:00:00', 101, NULL);
INSERT INTO `movies` VALUES ('X-Men Origins: Wolverine（2009）', 6.60, '加文·胡德', '戴维·贝尼奥夫', '休·杰克曼', '动作片', '美国', '英语', '2009-04-28 00:00:00', 119, NULL);
INSERT INTO `movies` VALUES ('了不起的盖茨比（2013）', 7.20, '巴兹·鲁赫曼', '巴兹·鲁赫曼', '丽莎·亚当', '剧情', '澳大利亚', '英语', '2013-05-09 00:00:00', 143, NULL);
INSERT INTO `movies` VALUES ('回到未来2（1989）', 7.80, '罗伯特·泽米吉斯', '罗伯特·泽米吉斯', '迈克尔', '冒险', '美国', '英语', '1989-11-22 00:00:00', 108, NULL);
INSERT INTO `movies` VALUES ('哈利·波特与死亡圣器(上) （2010）', 7.70, '大卫·叶茨', '史蒂夫·克洛夫斯', '比尔·奈伊', '冒险', '英国', '英语', '2010-11-17 00:00:00', 146, NULL);
INSERT INTO `movies` VALUES ('死侍2：我爱我家（2018）', 7.70, '大卫·雷奇', '瑞特·里斯', '瑞恩·雷诺兹', '动作片', '美国', '英语', '2018-05-15 00:00:00', 117, NULL);
INSERT INTO `movies` VALUES ('Ex Machina（2015）', 7.70, '亚历克斯·加兰', '亚历克斯·加兰', '多姆纳尔·格里森', '剧情', '英国', '英语', '2015-01-21 00:00:00', 108, NULL);
INSERT INTO `movies` VALUES ('人类之子（2006）', 7.90, '阿方索·卡隆', '阿方索·卡隆', '克莱夫·欧文', '剧情', '美国', '英语', '2006-09-22 00:00:00', 109, NULL);
INSERT INTO `movies` VALUES ('热血警探（2007）', 7.80, '埃德加·赖特', '埃德加·赖特', '西蒙·佩吉', '动作片', '英国', '英语', '2007-02-16 00:00:00', 121, NULL);
INSERT INTO `movies` VALUES ('小鬼当家（1990）', 7.60, '克里斯·哥伦布', '约翰·休斯', '麦考利·卡尔金', '喜剧', '美国', '英语', '1990-11-16 00:00:00', 103, NULL);
INSERT INTO `movies` VALUES ('哈利·波特与混血王子（2009）', 7.60, '大卫·叶茨', '史蒂夫·克洛夫斯', '丹尼尔·雷德克里夫', '动作片', '英国', '英语', '2009-07-15 00:00:00', 153, NULL);
INSERT INTO `movies` VALUES ('美国骗局（2013）', 7.20, '大卫', '埃里克·辛格尔', '克里斯蒂安·贝尔', '犯罪', '美国', '英语', '2013-12-12 00:00:00', 129, NULL);
INSERT INTO `movies` VALUES ('Nightcrawler（2014）', 7.90, '丹·吉尔罗伊', '丹·吉尔罗伊', '杰克·吉伦哈尔', '犯罪', '美国', '英语', '2014-10-23 00:00:00', 117, NULL);
INSERT INTO `movies` VALUES ('蝴蝶效应（2004）', 7.60, '埃里克·布雷斯', 'J.MackyeGruber', '阿什顿·库彻', '剧情', '美国', '英语', '2004-01-22 00:00:00', 120, NULL);
INSERT INTO `movies` VALUES ('史密斯夫妇（2005）', 6.50, '道格·里曼', '西蒙·金伯格', '布拉德·皮特', '动作片', '美国', '英语', '2005-06-07 00:00:00', 126, NULL);
INSERT INTO `movies` VALUES ('好莱坞往事（2019）', 7.70, '昆汀·塔伦蒂诺', '昆汀·塔伦蒂诺', '莱昂纳多·迪卡普里奥', '喜剧', '美国', '英语', '2019-07-24 00:00:00', 161, NULL);
INSERT INTO `movies` VALUES ('奇爱博士（1964）', 8.40, '斯坦利·库布里克', '斯坦利·库布里克', '彼得·塞勒斯', '喜剧', '英国', '英语', '1964-01-29 00:00:00', 95, NULL);
INSERT INTO `movies` VALUES ('黑客帝国3：矩阵革命（2003）', 6.80, '拉娜·沃卓斯基', '莉莉·沃卓斯基', '玛丽·爱丽丝', '动作片', '美国', '英语', '2003-11-05 00:00:00', 129, NULL);
INSERT INTO `movies` VALUES ('剪刀手爱德华（1990）', 7.90, '蒂姆·波顿', '蒂姆·波顿', '约翰尼·德普', '剧情', '美国', '英语', '1990-12-14 00:00:00', 105, NULL);
INSERT INTO `movies` VALUES ('全民超人（2008）', 6.40, '彼得·博格', 'VincentNgo', '威尔·史密斯', '动作片', '美国', '越南语', '2008-07-01 00:00:00', 102, NULL);
INSERT INTO `movies` VALUES ('超体（2014）', 6.40, '吕克·贝松', '吕克·贝松', '斯嘉丽·约翰逊', '动作片', '法国', '英语', '2014-07-25 00:00:00', 89, NULL);
INSERT INTO `movies` VALUES ('夺宝奇兵2（1984）', 7.60, '史蒂文·斯皮尔伯格', '威拉德·赫依克', '哈里森·福特', '动作片', '美国', '英语', '1984-05-23 00:00:00', 118, NULL);
INSERT INTO `movies` VALUES ('银翼杀手2049（2017）', 8.00, '丹尼斯·维伦纽瓦', '汉普顿·范彻', '瑞恩·高斯林', '动作片', '美国', '英语', '2017-10-04 00:00:00', 164, NULL);
INSERT INTO `movies` VALUES ('阳光小美女（2006）', 7.80, '乔纳森·戴顿', '迈克尔·阿恩特', '阿比盖尔·布雷斯林', '喜剧', '美国', '英语', '2006-08-18 00:00:00', 101, NULL);
INSERT INTO `movies` VALUES ('American Sniper（2014）', 7.30, '克林特·伊斯特伍德', '杰森·霍尔', '布莱德利·库珀', '动作片', '美国', '英语', '2015-01-01 00:00:00', 133, NULL);
INSERT INTO `movies` VALUES ('当幸福来敲门（2006）', 8.00, '加布里埃莱·穆奇诺', '斯蒂夫·康拉德', '威尔·史密斯', '传记', '美国', '英语', '2006-12-15 00:00:00', 117, NULL);
INSERT INTO `movies` VALUES ('谍影重重2（2004）', 7.70, '保罗·格林格拉斯', '罗伯特·鲁德鲁姆', '马特·达蒙', '动作片', '美国', '英语', '2004-07-23 00:00:00', 108, NULL);
INSERT INTO `movies` VALUES ('无敌浩克（2008）', 6.70, '路易斯·莱特里尔', '扎克·佩恩', '爱德华·诺顿', '动作片', '美国', '英语', '2008-06-06 00:00:00', 135, NULL);
INSERT INTO `movies` VALUES ('达拉斯买家俱乐部（2013）', 8.00, 'Jean-MarcVallée', '克莱格·鲍登', '马修·麦康纳', '传记', '美国', '英语', '2013-11-22 00:00:00', 117, NULL);
INSERT INTO `movies` VALUES ('Rear Window（1954）', 8.40, '阿尔弗雷德·希区柯克', '约翰·迈克尔', '詹姆斯·斯图尔特', '悬疑', '美国', '英语', '1954-11-15 00:00:00', 112, NULL);
INSERT INTO `movies` VALUES ('第五元素（1997）', 7.70, '吕克·贝松', '吕克·贝松', '布鲁斯·威利斯', '动作片', '法国', '英语', '1997-05-07 00:00:00', 126, NULL);
INSERT INTO `movies` VALUES ('十二宫（2007）', 7.70, '大卫·芬奇', '詹姆斯·范德比尔特', '杰克·吉伦哈尔', '犯罪', '美国', '英语', '2007-03-02 00:00:00', 162, NULL);
INSERT INTO `movies` VALUES ('极速风流（2013）', 8.10, '朗·霍华德', '皮特·摩根', '克里斯·海姆斯沃斯', '传记', '英国', '英语', '2013-09-12 00:00:00', 123, NULL);
INSERT INTO `movies` VALUES ('分歧者：异类觉醒（2014）', 6.70, '尼尔·博格', '埃文·达赫迪', '谢琳·伍德蕾', '动作片', '美国', '英语', '2014-03-20 00:00:00', 139, NULL);
INSERT INTO `movies` VALUES ('疯狂动物城（2016）', 8.00, '拜伦·霍华德', '拜伦·霍华德', 'CarlinaWill', '冒险', '美国', '英语', '2020-07-24 00:00:00', 108, NULL);
INSERT INTO `movies` VALUES ('熔炉（2011）', 8.10, '黄东赫', '孔枝泳', '孔刘', '剧情', '韩国', '韩语', '2011-09-22 00:00:00', 125, NULL);
INSERT INTO `movies` VALUES ('肖申克的救赎（1994）', 9.30, '弗兰克·德拉邦特', '弗兰克·德拉邦特', '蒂姆·罗宾斯', '剧情', '美国', '英语', '1994-09-10 00:00:00', 142, 'DieVerurteilten');
INSERT INTO `movies` VALUES ('蝙蝠侠：黑暗骑士（2008）', 9.00, '克里斯托弗·诺兰', '乔纳森·诺兰', '希斯·莱杰', '动作片', '美国', '英语', '2008-07-16 00:00:00', 152, NULL);
INSERT INTO `movies` VALUES ('搏击俱乐部（1999）', 8.80, '大卫·芬奇', '恰克·帕拉尼克', '布拉德·皮特', '剧情', '美国', '英语', '1999-10-15 00:00:00', 151, NULL);
INSERT INTO `movies` VALUES ('低俗小说（1994）', 8.90, '昆汀·塔伦蒂诺', '昆汀·塔伦蒂诺', '阿曼达·普拉莫', '犯罪', '美国', '英语', '1994-09-10 00:00:00', 178, NULL);
INSERT INTO `movies` VALUES ('阿甘正传（1994）', 8.80, '罗伯特·泽米吉斯', '温斯顿·格鲁姆', 'RebeccaWilliams', '剧情', '美国', '英语', '1994-07-06 00:00:00', 142, NULL);
INSERT INTO `movies` VALUES ('黑客帝国（1999）', 8.70, '拉娜·沃卓斯基', '莉莉·沃卓斯基', '劳伦斯·菲什伯恩', '动作片', '美国', '英语', '1999-03-31 00:00:00', 136, NULL);
INSERT INTO `movies` VALUES ('指环王1：护戒使者（2001）', 9.00, '彼得·杰克逊', 'J.R.R.Tolkien', '西恩·奥斯汀', '冒险', '美国', '英语', '2001-12-19 00:00:00', 208, '指环王1：魔戒再现');
INSERT INTO `movies` VALUES ('指环王3：王者无敌（2003）', 9.20, '彼得·杰克逊', 'J.R.R.Tolkien', 'AliAstin', '冒险', '美国', '英语', '2003-12-17 00:00:00', 254, '魔戒三部曲：王者再临(台');
INSERT INTO `movies` VALUES ('教父（1972）', 9.20, '弗朗西斯·福特·科波拉', '马里奥·普佐', '阿尔·帕西诺', '犯罪', '美国', '英语', '1972-03-24 00:00:00', 175, NULL);
INSERT INTO `movies` VALUES ('蝙蝠侠：黑暗骑士崛起（2012）', 8.40, '克里斯托弗·诺兰', '乔纳森·诺兰', '加里·奥德曼', '动作片', '英国', '英语', '2012-07-19 00:00:00', 164, NULL);
INSERT INTO `movies` VALUES ('指环王2：双塔奇兵（2002）', 9.10, '彼得·杰克逊', 'J.R.R.Tolkien', '西恩·奥斯汀', '冒险', '美国', '英语', '2002-12-05 00:00:00', 223, '魔戒二部曲：双城奇谋');
INSERT INTO `movies` VALUES ('星际穿越（2014）', 8.60, '克里斯托弗·诺兰', '乔纳森·诺兰', '马修·麦康纳', '冒险', '美国', '英语', '2014-11-07 00:00:00', 169, NULL);
INSERT INTO `movies` VALUES ('阳光普照（2019）', 7.70, '钟孟宏', '张耀升', '陈以文', '犯罪', '中国台湾', '普通话', '2019-11-01 00:00:00', 152, NULL);
INSERT INTO `movies` VALUES ('七宗罪（1995）', 8.60, '大卫·芬奇', '安德鲁·凯文', '安德鲁·凯文', '犯罪', '美国', '英语', '1995-09-22 00:00:00', 127, NULL);
INSERT INTO `movies` VALUES ('被解救的姜戈（2012）', 8.40, '昆汀·塔伦蒂诺', '昆汀·塔伦蒂诺', '克里斯托弗·瓦尔兹', '剧情', '美国', '英语', '2012-12-01 00:00:00', 165, NULL);
INSERT INTO `movies` VALUES ('角斗士（2000）', 8.50, '雷德利·斯科特', '大卫·弗兰佐尼', '华金·菲尼克斯', '动作片', '美国', '英语', '2000-05-04 00:00:00', 171, NULL);
INSERT INTO `movies` VALUES ('蝙蝠侠：侠影之谜（2005）', 8.20, '克里斯托弗·诺兰', '鲍勃·凯恩', '迈克尔·凯恩', '动作片', '美国', '英语', '2005-06-15 00:00:00', 140, NULL);
INSERT INTO `movies` VALUES ('复仇者联盟（2012）', 8.00, '乔斯·韦登', '乔斯·韦登', '克里斯·埃文斯', '动作片', '美国', '英语', '2012-04-25 00:00:00', 173, NULL);
INSERT INTO `movies` VALUES ('沉默的羔羊（1991）', 8.60, '乔纳森·戴米', '托马斯·哈里斯', 'LawrenceA.Bonney', '犯罪', '美国', '英语', '1991-02-14 00:00:00', 138, NULL);
INSERT INTO `movies` VALUES ('无耻混蛋（2009）', 8.30, '昆汀·塔伦蒂诺', '昆汀·塔伦蒂诺', '梅拉尼·罗兰', '冒险', '德国', '英语', '2009-08-19 00:00:00', 153, NULL);
INSERT INTO `movies` VALUES ('星球大战（1977）', 8.60, '乔治·卢卡斯', '乔治·卢卡斯', '哈里森·福特', '动作片', '美国', '英语', '1977-05-25 00:00:00', 125, NULL);
INSERT INTO `movies` VALUES ('拯救大兵瑞恩（1998）', 8.60, '史蒂文·斯皮尔伯格', '罗伯特·罗达特', '汤姆·塞兹摩尔', '剧情', '美国', '英语', '1998-07-24 00:00:00', 169, NULL);
INSERT INTO `movies` VALUES ('辛德勒的名单（1993）', 8.90, '史蒂文·斯皮尔伯格', '托马斯·肯尼利', '本·金斯利', '传记', '美国', '英语', '1993-12-15 00:00:00', 185, NULL);
INSERT INTO `movies` VALUES ('无间道风云（2006）', 8.50, '马丁·斯科塞斯', '威廉·莫纳汉', '马特·达蒙', '犯罪', '美国', '英语', '2006-10-04 00:00:00', 151, NULL);
INSERT INTO `movies` VALUES ('致命魔术（2006）', 8.50, '克里斯托弗·诺兰', '乔纳森·诺兰', '克里斯蒂安·贝尔', '剧情', '美国', '英语', '2006-10-19 00:00:00', 130, NULL);
INSERT INTO `movies` VALUES ('星球大战2：帝国反击战（1980）', 8.70, '厄文·克什纳', '利·布拉克特', '哈里森·福特', '动作片', '美国', '英语', '1980-05-21 00:00:00', 127, NULL);
INSERT INTO `movies` VALUES ('华尔街之狼（2013）', 8.20, '马丁·斯科塞斯', '特伦斯·温特', '乔纳·希尔', '传记', '美国', '英语', '2013-12-25 00:00:00', 240, NULL);
INSERT INTO `movies` VALUES ('阿凡达（2009）', 8.70, '詹姆斯·卡梅隆', '詹姆斯·卡梅隆', '佐伊·索尔达娜', '动作片', '美国', '英语', '2009-12-18 00:00:00', 178, '天神下凡(港)');
INSERT INTO `movies` VALUES ('绿里奇迹（1999）', 8.60, '弗兰克·德拉邦特', '斯蒂芬·金', '大卫·摩斯', '犯罪', '美国', '英语', '1999-12-10 00:00:00', 114, NULL);
INSERT INTO `movies` VALUES ('记忆碎片（2000）', 8.40, '克里斯托弗·诺兰', '克里斯托弗·诺兰', '凯瑞', '悬疑', '美国', '英语', '2000-10-11 00:00:00', 113, NULL);
INSERT INTO `movies` VALUES ('教父2（1974）', 9.00, '弗朗西斯·福特·科波拉', '弗朗西斯·福特·科波拉', '罗伯特·杜瓦尔', '犯罪', '美国', '英语', '1974-12-20 00:00:00', 220, NULL);
INSERT INTO `movies` VALUES ('禁闭岛（2010）', 8.10, '马丁·斯科塞斯', '莱塔·卡罗格里迪斯', '马克·鲁弗洛', '悬疑', '美国', '英语', '2010-02-18 00:00:00', 138, NULL);
INSERT INTO `movies` VALUES ('美国丽人（1999）', 8.30, '萨姆·门德斯', '艾伦·鲍尔', '安妮特·贝宁', '剧情', '美国', '英语', '1999-10-01 00:00:00', 122, NULL);
INSERT INTO `movies` VALUES ('泰坦尼克号（1997）', 7.80, '詹姆斯·卡梅隆', '詹姆斯·卡梅隆', '凯特·温丝莱特', '剧情', '美国', '英语', '1997-12-18 00:00:00', 194, NULL);
INSERT INTO `movies` VALUES ('美国X档案（1998）', 8.50, '托尼·凯耶', '戴维·麦克纳', '爱德华·福隆', '剧情', '美国', '英语', '1998-11-20 00:00:00', 101, NULL);
INSERT INTO `movies` VALUES ('加勒比海盗（2003）', 8.00, '戈尔·维宾斯基', '泰德·艾略特', '杰弗里·拉什', '动作片', '美国', '英语', '2003-07-09 00:00:00', 143, NULL);
INSERT INTO `movies` VALUES ('V字仇杀队（2006）', 8.20, '詹姆斯·麦克特格', '莉莉·沃卓斯基', '雨果·维文', '动作片', '美国', '英语', '2006-03-15 00:00:00', 132, NULL);
INSERT INTO `movies` VALUES ('回到未来（1985）', 8.50, '罗伯特·泽米吉斯', '罗伯特·泽米吉斯', '克里斯托弗·洛伊德', '冒险', '美国', '英语', '1985-07-03 00:00:00', 116, NULL);
INSERT INTO `movies` VALUES ('这个杀手不太冷（1994）', 8.50, '吕克·贝松', '吕克·贝松', '加里·奥德曼', '动作片', '法国', '英语', '1994-09-14 00:00:00', 133, '这个杀手不太冷Léon');
INSERT INTO `movies` VALUES ('好家伙（1990）', 8.70, '马丁·斯科塞斯', '尼古拉斯·派勒吉', '雷·利奥塔', '传记', '美国', '英语', '1990-09-12 00:00:00', 146, NULL);
INSERT INTO `movies` VALUES ('终结者2：审判日（1991）', 8.50, '詹姆斯·卡梅隆', '詹姆斯·卡梅隆', '琳达·汉密尔顿', '动作片', '美国', '英语', '1991-07-03 00:00:00', 156, NULL);
INSERT INTO `movies` VALUES ('杀死比尔（2003）', 8.10, '昆汀·塔伦蒂诺', '昆汀·塔伦蒂诺', '刘玉玲', '动作片', '美国', '英语', '2003-10-10 00:00:00', 112, NULL);
INSERT INTO `movies` VALUES ('机器人总动员（2008）', 8.40, '安德鲁·斯坦顿', '安德鲁·斯坦顿', 'KimKopf', '冒险', '美国', '英语', '2008-06-26 00:00:00', 98, NULL);
INSERT INTO `movies` VALUES ('非常嫌疑犯（1995）', 8.50, '布莱恩·辛格', '克里斯托弗·麦奎里', '加布里埃尔·伯恩', '犯罪', '美国', '英语', '1995-07-19 00:00:00', 106, NULL);
INSERT INTO `movies` VALUES ('勇敢的心（1995）', 8.30, '梅尔·吉布森', '兰道尔·华莱士', '辛·劳洛', '传记', '美国', '法语', '1995-05-18 00:00:00', 178, '惊世未了缘(港)');
INSERT INTO `movies` VALUES ('星球大战3：绝地归来（1983）', 8.30, '理查德·马昆德', 'LawrenceKasdan', '哈里森·福特', '动作片', '美国', '英语', '1983-05-25 00:00:00', 134, NULL);
INSERT INTO `movies` VALUES ('钢铁侠（2008）', 7.90, '乔恩·费儒', '马克·弗格斯', '泰伦斯·霍华德', '动作片', '美国', '匈牙利语', '2008-04-30 00:00:00', 126, NULL);
INSERT INTO `movies` VALUES ('狮子王（1994）', 8.50, '罗杰·阿勒斯', '艾琳·梅琪', 'SallyDworsky', '冒险', '美国', '英语', '1994-06-15 00:00:00', 89, NULL);
INSERT INTO `movies` VALUES ('楚门的世界（1998）', 8.10, '彼得·威尔', '安德鲁·尼科尔', '劳拉·琳妮', '喜剧', '美国', '英语', '1998-06-05 00:00:00', 103, NULL);
INSERT INTO `movies` VALUES ('第六感（1999）', 8.10, 'M.NightShyamalan', 'M.NightShyamalan', '海利·乔', '剧情', '美国', '英语', '1999-08-06 00:00:00', 107, NULL);
INSERT INTO `movies` VALUES ('星际探索（2019）', 6.60, '詹姆斯·格雷', '詹姆斯·格雷', 'TommyLeeJones', '冒险', '中国大陆', '英语', '2019-09-18 00:00:00', 123, NULL);
INSERT INTO `movies` VALUES ('落水狗（1992）', 8.30, '昆汀·塔伦蒂诺', '昆汀·塔伦蒂诺', '蒂姆·罗斯', '犯罪', '美国', '英语', '1992-09-02 00:00:00', 99, NULL);
INSERT INTO `movies` VALUES ('飞越疯人院（1975）', 8.70, '米洛斯·福尔曼', '劳伦斯·奥邦', '路易丝·弗莱彻', '剧情', '美国', '英语', '1975-11-19 00:00:00', 133, NULL);
INSERT INTO `movies` VALUES ('暖暖内含光（2004）', 8.30, '米歇尔·贡德里', '查理·考夫曼', '凯特·温丝莱特', '剧情', '美国', '英语', '2004-03-19 00:00:00', 108, NULL);
INSERT INTO `movies` VALUES ('夺宝奇兵（1981）', 8.40, '史蒂文·斯皮尔伯格', 'LawrenceKasdan', '凯伦·阿兰', '动作片', '美国', '英语', '1981-06-12 00:00:00', 115, NULL);
INSERT INTO `movies` VALUES ('玩具总动员（1995）', 8.30, '约翰·拉塞特', '约翰·拉塞特', 'BrankoMenicanin', '冒险', '美国', '英语', '1995-11-22 00:00:00', 74, NULL);
INSERT INTO `movies` VALUES ('星球大战7：原力觉醒（2015）', 7.90, 'J·J·艾布拉姆斯', 'LawrenceKasdan', '马克·哈米尔', '动作片', '美国', '英语', '2015-12-16 00:00:00', 138, NULL);
INSERT INTO `movies` VALUES ('闪灵（1980）', 8.40, '斯坦利·库布里克', '斯蒂芬·金', '谢莉·杜瓦尔', '剧情', '英国', '英语', '1980-06-13 00:00:00', 142, NULL);
INSERT INTO `movies` VALUES ('侏罗纪公园（1993）', 8.10, '史蒂文·斯皮尔伯格', '迈克尔·克莱顿', '劳拉·邓恩', '动作片', '美国', '英语', '1993-06-11 00:00:00', 127, NULL);
INSERT INTO `movies` VALUES ('消失的爱人（2014）', 8.10, '大卫·芬奇', '吉莉安·弗琳', '裴淳华', '剧情', '美国', '英语', '2014-10-01 00:00:00', 149, NULL);
INSERT INTO `movies` VALUES ('心灵捕手（1997）', 8.30, '格斯·范·桑特', '马特·达蒙', '本·阿弗莱克', '剧情', '美国', '英语', '1998-01-09 00:00:00', 126, NULL);
INSERT INTO `movies` VALUES ('美丽心灵（2002）', 8.20, '朗·霍华德', '阿齐瓦·高斯曼', '艾德·哈里斯', '传记', '美国', '英语', '2002-01-04 00:00:00', 135, NULL);
INSERT INTO `movies` VALUES ('老无所依（2007）', 8.10, '伊桑·科恩', '乔尔·科恩', '哈维尔·巴登', '犯罪', '美国', '英语', '2007-11-21 00:00:00', 122, NULL);
INSERT INTO `movies` VALUES ('怪兽电力公司（2001）', 8.00, '彼特·道格特', '彼特·道格特', 'BrankoMenicanin', '冒险', '美国', '英语', '2001-11-02 00:00:00', 92, NULL);
INSERT INTO `movies` VALUES ('贫民窟的百万富翁（2008）', 8.00, '丹尼·博伊尔', '西蒙·博福伊', '沙鲁巴·舒克拉', '剧情', '英国', '英语', '2008-12-05 00:00:00', 120, NULL);
INSERT INTO `movies` VALUES ('终结者（1984）', 8.00, '詹姆斯·卡梅隆', '詹姆斯·卡梅隆', '迈克尔·比恩', '动作片', '英国', '英语', '1984-10-26 00:00:00', 107, NULL);
INSERT INTO `movies` VALUES ('绝地逃亡（2016）', 5.70, '雷尼·哈林', '杰·朗吉诺', '约翰尼·诺克斯维尔', '动作片', '中国大陆', '普通话', '2016-07-21 00:00:00', 107, NULL);
INSERT INTO `movies` VALUES ('猫鼠游戏（2002）', 8.10, '史蒂文·斯皮尔伯格', '杰夫·内桑森', '汤姆·汉克斯', '传记', '美国', '英语', '2002-12-16 00:00:00', 141, NULL);
INSERT INTO `movies` VALUES ('22英里（2018）', 6.10, '彼得·博格', '利·卡彭特', '劳伦·科汉', '动作片', '中国大陆', '菲律宾语', '2018-08-16 00:00:00', 94, NULL);
INSERT INTO `movies` VALUES ('虎胆龙威（1988）', 8.20, '约翰·麦克蒂尔南', '罗德里戈·索普', '邦妮·比蒂丽娅', '动作片', '美国', '英语', '1988-07-20 00:00:00', 132, NULL);
INSERT INTO `movies` VALUES ('小丑（2019）', 8.50, '托德·菲利普斯', '托德·菲利普斯', '罗伯特·德尼罗', '犯罪', '美国', '英语', '2019-10-01 00:00:00', 122, NULL);
INSERT INTO `movies` VALUES ('偷拐抢骗（2000）', 8.30, '盖·里奇', '盖·里奇', '丹尼斯·法里纳', '犯罪', '英国', '英语', '2000-09-01 00:00:00', 102, NULL);
INSERT INTO `movies` VALUES ('大黄蜂（2018）', 6.80, '特拉维斯·奈特', '克里斯蒂娜·霍德森', '小豪尔赫·兰登伯格', '动作片', '中国大陆', '英语', '2018-12-13 00:00:00', 114, NULL);
INSERT INTO `movies` VALUES ('异形（1979）', 8.40, '雷德利·斯科特', '丹·欧班农', '西格妮·韦弗', '恐怖', '英国', '英语', '1979-05-28 00:00:00', 116, NULL);
INSERT INTO `movies` VALUES ('霍比特人1：意外之旅（2012）', 7.80, '彼得·杰克逊', '弗兰·威尔士', '马丁·弗瑞曼', '冒险', '新西兰', '英语', '2012-12-12 00:00:00', 182, NULL);
INSERT INTO `movies` VALUES ('罪恶之城（2005）', 8.00, '弗兰克·米勒', '弗兰克·米勒', '戴文青木', '犯罪', '美国', '英语', '2005-04-01 00:00:00', 147, NULL);
INSERT INTO `movies` VALUES ('梦之安魂曲（2000）', 8.30, '达伦·阿伦诺夫斯基', '小胡伯特·塞尔比', '杰瑞德·莱托', '剧情', '美国', '英语', '2000-11-03 00:00:00', 102, NULL);
INSERT INTO `movies` VALUES ('火星救援（2015）', 8.00, '雷德利·斯科特', '德鲁·高达', '杰西卡·查斯坦', '冒险', '英国', '英语', '2015-09-30 00:00:00', 151, NULL);
INSERT INTO `movies` VALUES ('发条橙（1971）', 8.30, '斯坦利·库布里克', '斯坦利·库布里克', '帕特里克·马基', '犯罪', '英国', '英语', '1972-01-13 00:00:00', 136, NULL);
INSERT INTO `movies` VALUES ('死亡幻觉（2002）', 8.00, '理查德·凯利', '理查德·凯利', 'HolmesOsborne', '剧情', '美国', '英语', '2002-01-30 00:00:00', 134, NULL);
INSERT INTO `movies` VALUES ('雷神（2011）', 7.00, '肯尼思·布拉纳', '阿什利·米勒', '娜塔莉·波特曼', '动作片', '美国', '英语', '2011-04-21 00:00:00', 115, NULL);
INSERT INTO `movies` VALUES ('摩天营救（2018）', 5.80, '罗森·马歇尔', '罗森·马歇尔', '内芙·坎贝尔', '动作片', '中国香港', '英语', '2018-07-11 00:00:00', 102, NULL);
INSERT INTO `movies` VALUES ('斯巴达300勇士（2007）', 7.60, '扎克·施奈德', '扎克·施奈德', '琳娜·海蒂', '动作片', '美国', '英语', '2006-12-09 00:00:00', 117, '300壮士：斯巴达的逆袭(台)');
INSERT INTO `movies` VALUES ('美国队长（2011）', 6.90, '乔·庄斯顿', '克里斯托弗·马库斯', '海莉·阿特维尔', '动作片', '美国', '英语', '2011-07-19 00:00:00', 124, NULL);
INSERT INTO `movies` VALUES ('疤面煞星（1983）', 8.30, '布莱恩·德', '奥利佛·斯通', '斯蒂文·鲍尔', '犯罪', '美国', '英语', '1983-12-09 00:00:00', 142, NULL);
INSERT INTO `movies` VALUES ('星球大战前传1：幽灵的威胁（1999）', 6.50, '乔治·卢卡斯', '乔治·卢卡斯', '伊万·麦克格雷格', '动作片', '美国', '英语', '1999-05-16 00:00:00', 136, NULL);
INSERT INTO `movies` VALUES ('谋杀绿脚趾（1998）', 8.10, '乔尔·科恩', '伊桑·科恩', '约翰·古德曼', '犯罪', '美国', '英语', '1998-03-06 00:00:00', 117, NULL);
INSERT INTO `movies` VALUES ('钢琴家（2002）', 8.50, '罗曼·波兰斯基', '罗纳德·哈伍德', '艾米莉娅·福克斯', '传记', '英国', '英语', '2002-09-25 00:00:00', 150, NULL);
INSERT INTO `movies` VALUES ('星球大战前传3：西斯的复仇（2005）', 7.50, '乔治·卢卡斯', '乔治·卢卡斯', '娜塔莉·波特曼', '动作片', '美国', '英语', '2005-05-17 00:00:00', 140, NULL);
INSERT INTO `movies` VALUES ('天使爱美丽（2001）', 8.30, 'Jean-PierreJeunet', '纪尧姆·洛朗', '马修·卡索维茨', '喜剧', '法国', '法语', '2001-04-25 00:00:00', 122, NULL);
INSERT INTO `movies` VALUES ('黑衣人：全球追缉（2019）', 5.60, 'F.GaryGray', '马特·霍洛维', '泰莎·汤普森', '动作片', '中国大陆', '英语', '2019-06-12 00:00:00', 114, NULL);
INSERT INTO `movies` VALUES ('出租车司机（1976）', 8.30, '马丁·斯科塞斯', '保罗·施拉德', 'RobinsonFrankAdu', '犯罪', '美国', '英语', '1976-02-08 00:00:00', 110, NULL);
INSERT INTO `movies` VALUES ('肖申克的救赎（1994）', 9.30, '弗兰克·德拉邦特', '弗兰克·德拉邦特', '摩根·弗里曼', '剧情', '美国', '英语', '1994-09-10 00:00:00', 142, 'DieVerurteilten');
INSERT INTO `movies` VALUES ('蝙蝠侠：黑暗骑士（2008）', 9.00, '克里斯托弗·诺兰', '乔纳森·诺兰', '艾伦·艾克哈特', '动作片', '美国', '英语', '2008-07-16 00:00:00', 152, NULL);
INSERT INTO `movies` VALUES ('搏击俱乐部（1999）', 8.80, '大卫·芬奇', '恰克·帕拉尼克', '米特·洛夫', '剧情', '美国', '英语', '1999-10-15 00:00:00', 151, NULL);
INSERT INTO `movies` VALUES ('低俗小说（1994）', 8.90, '昆汀·塔伦蒂诺', '昆汀·塔伦蒂诺', '劳拉·拉芙蕾丝', '犯罪', '美国', '英语', '1994-09-10 00:00:00', 178, NULL);
INSERT INTO `movies` VALUES ('阿甘正传（1994）', 8.80, '罗伯特·泽米吉斯', '温斯顿·格鲁姆', '莎莉·菲尔德', '剧情', '美国', '英语', '1994-07-06 00:00:00', 142, NULL);
INSERT INTO `movies` VALUES ('黑客帝国（1999）', 8.70, '拉娜·沃卓斯基', '莉莉·沃卓斯基', '凯瑞', '动作片', '美国', '英语', '1999-03-31 00:00:00', 136, NULL);
INSERT INTO `movies` VALUES ('指环王1：护戒使者（2001）', 9.00, '彼得·杰克逊', 'J.R.R.Tolkien', '萨拉·贝克', '冒险', '美国', '英语', '2001-12-19 00:00:00', 208, '指环王1：魔戒再现');
INSERT INTO `movies` VALUES ('指环王3：王者无敌（2003）', 9.20, '彼得·杰克逊', 'J.R.R.Tolkien', '西恩·奥斯汀', '冒险', '美国', '英语', '2003-12-17 00:00:00', 254, '魔戒三部曲：王者再临(台');
INSERT INTO `movies` VALUES ('教父（1972）', 9.20, '弗朗西斯·福特·科波拉', '马里奥·普佐', '詹姆斯·肯恩', '犯罪', '美国', '英语', '1972-03-24 00:00:00', 175, NULL);
INSERT INTO `movies` VALUES ('蝙蝠侠：黑暗骑士崛起（2012）', 8.40, '克里斯托弗·诺兰', '乔纳森·诺兰', '汤姆·哈迪', '动作片', '英国', '英语', '2012-07-19 00:00:00', 164, NULL);
INSERT INTO `movies` VALUES ('指环王2：双塔奇兵（2002）', 9.10, '彼得·杰克逊', 'J.R.R.Tolkien', '约翰·贝西', '冒险', '美国', '英语', '2002-12-05 00:00:00', 223, '魔戒二部曲：双城奇谋');
INSERT INTO `movies` VALUES ('星际穿越（2014）', 8.60, '克里斯托弗·诺兰', '乔纳森·诺兰', '麦肯吉·弗依', '冒险', '美国', '英语', '2014-11-07 00:00:00', 169, NULL);
INSERT INTO `movies` VALUES ('阳光普照（2019）', 7.70, '钟孟宏', '张耀升', '柯淑勤', '犯罪', '中国台湾', '普通话', '2019-11-01 00:00:00', 152, NULL);
INSERT INTO `movies` VALUES ('七宗罪（1995）', 8.60, '大卫·芬奇', '安德鲁·凯文', '丹尼尔·扎卡帕', '犯罪', '美国', '英语', '1995-09-22 00:00:00', 127, NULL);
INSERT INTO `movies` VALUES ('被解救的姜戈（2012）', 8.40, '昆汀·塔伦蒂诺', '昆汀·塔伦蒂诺', '莱昂纳多·迪卡普里奥', '剧情', '美国', '英语', '2012-12-01 00:00:00', 165, NULL);
INSERT INTO `movies` VALUES ('角斗士（2000）', 8.50, '雷德利·斯科特', '大卫·弗兰佐尼', '康妮·尼尔森', '动作片', '美国', '英语', '2000-05-04 00:00:00', 171, NULL);
INSERT INTO `movies` VALUES ('蝙蝠侠：侠影之谜（2005）', 8.20, '克里斯托弗·诺兰', '鲍勃·凯恩', '连姆·尼森', '动作片', '美国', '英语', '2005-06-15 00:00:00', 140, NULL);
INSERT INTO `movies` VALUES ('复仇者联盟（2012）', 8.00, '乔斯·韦登', '乔斯·韦登', '马克·鲁弗洛', '动作片', '美国', '英语', '2012-04-25 00:00:00', 173, NULL);
INSERT INTO `movies` VALUES ('沉默的羔羊（1991）', 8.60, '乔纳森·戴米', '托马斯·哈里斯', '卡斯·莱蒙斯', '犯罪', '美国', '英语', '1991-02-14 00:00:00', 138, NULL);
INSERT INTO `movies` VALUES ('无耻混蛋（2009）', 8.30, '昆汀·塔伦蒂诺', '昆汀·塔伦蒂诺', '克里斯托弗·瓦尔兹', '冒险', '德国', '英语', '2009-08-19 00:00:00', 153, NULL);
INSERT INTO `movies` VALUES ('星球大战（1977）', 8.60, '乔治·卢卡斯', '乔治·卢卡斯', '凯丽·费雪', '动作片', '美国', '英语', '1977-05-25 00:00:00', 125, NULL);
INSERT INTO `movies` VALUES ('拯救大兵瑞恩（1998）', 8.60, '史蒂文·斯皮尔伯格', '罗伯特·罗达特', '爱德华·伯恩斯', '剧情', '美国', '英语', '1998-07-24 00:00:00', 169, NULL);
INSERT INTO `movies` VALUES ('辛德勒的名单（1993）', 8.90, '史蒂文·斯皮尔伯格', '托马斯·肯尼利', '拉尔夫·费因斯', '传记', '美国', '英语', '1993-12-15 00:00:00', 185, NULL);
INSERT INTO `movies` VALUES ('无间道风云（2006）', 8.50, '马丁·斯科塞斯', '威廉·莫纳汉', '杰克·尼科尔森', '犯罪', '美国', '英语', '2006-10-04 00:00:00', 151, NULL);
INSERT INTO `movies` VALUES ('致命魔术（2006）', 8.50, '克里斯托弗·诺兰', '乔纳森·诺兰', '迈克尔·凯恩', '剧情', '美国', '英语', '2006-10-19 00:00:00', 130, NULL);
INSERT INTO `movies` VALUES ('星球大战2：帝国反击战（1980）', 8.70, '厄文·克什纳', '利·布拉克特', '凯丽·费雪', '动作片', '美国', '英语', '1980-05-21 00:00:00', 127, NULL);
INSERT INTO `movies` VALUES ('华尔街之狼（2013）', 8.20, '马丁·斯科塞斯', '特伦斯·温特', '玛格特·罗比', '传记', '美国', '英语', '2013-12-25 00:00:00', 240, NULL);
INSERT INTO `movies` VALUES ('阿凡达（2009）', 8.70, '詹姆斯·卡梅隆', '詹姆斯·卡梅隆', '西格妮·韦弗', '动作片', '美国', '英语', '2009-12-18 00:00:00', 178, '天神下凡(港)');
INSERT INTO `movies` VALUES ('绿里奇迹（1999）', 8.60, '弗兰克·德拉邦特', '斯蒂芬·金', '邦尼·亨特', '犯罪', '美国', '英语', '1999-12-10 00:00:00', 114, NULL);
INSERT INTO `movies` VALUES ('记忆碎片（2000）', 8.40, '克里斯托弗·诺兰', '克里斯托弗·诺兰', '乔·潘托里亚诺', '悬疑', '美国', '英语', '2000-10-11 00:00:00', 113, NULL);
INSERT INTO `movies` VALUES ('教父2（1974）', 9.00, '弗朗西斯·福特·科波拉', '弗朗西斯·福特·科波拉', '黛安·基顿', '犯罪', '美国', '英语', '1974-12-20 00:00:00', 220, NULL);
INSERT INTO `movies` VALUES ('禁闭岛（2010）', 8.10, '马丁·斯科塞斯', '莱塔·卡罗格里迪斯', '本·金斯利', '悬疑', '美国', '英语', '2010-02-18 00:00:00', 138, NULL);
INSERT INTO `movies` VALUES ('美国丽人（1999）', 8.30, '萨姆·门德斯', '艾伦·鲍尔', '索拉·伯奇', '剧情', '美国', '英语', '1999-10-01 00:00:00', 122, NULL);
INSERT INTO `movies` VALUES ('泰坦尼克号（1997）', 7.80, '詹姆斯·卡梅隆', '詹姆斯·卡梅隆', '比利·赞恩', '剧情', '美国', '英语', '1997-12-18 00:00:00', 194, NULL);
INSERT INTO `movies` VALUES ('美国X档案（1998）', 8.50, '托尼·凯耶', '戴维·麦克纳', '比佛莉·德安姬罗', '剧情', '美国', '英语', '1998-11-20 00:00:00', 101, NULL);
INSERT INTO `movies` VALUES ('加勒比海盗（2003）', 8.00, '戈尔·维宾斯基', '泰德·艾略特', '奥兰多·布鲁姆', '动作片', '美国', '英语', '2003-07-09 00:00:00', 143, NULL);
INSERT INTO `movies` VALUES ('V字仇杀队（2006）', 8.20, '詹姆斯·麦克特格', '莉莉·沃卓斯基', '斯蒂芬·瑞', '动作片', '美国', '英语', '2006-03-15 00:00:00', 132, NULL);
INSERT INTO `movies` VALUES ('回到未来（1985）', 8.50, '罗伯特·泽米吉斯', '罗伯特·泽米吉斯', '莉·汤普森', '冒险', '美国', '英语', '1985-07-03 00:00:00', 116, NULL);
INSERT INTO `movies` VALUES ('这个杀手不太冷（1994）', 8.50, '吕克·贝松', '吕克·贝松', '娜塔莉·波特曼', '动作片', '法国', '英语', '1994-09-14 00:00:00', 133, '这个杀手不太冷Léon');
INSERT INTO `movies` VALUES ('好家伙（1990）', 8.70, '马丁·斯科塞斯', '尼古拉斯·派勒吉', '乔·佩西', '传记', '美国', '英语', '1990-09-12 00:00:00', 146, NULL);
INSERT INTO `movies` VALUES ('终结者2：审判日（1991）', 8.50, '詹姆斯·卡梅隆', '詹姆斯·卡梅隆', '爱德华·福隆', '动作片', '美国', '英语', '1991-07-03 00:00:00', 156, NULL);
INSERT INTO `movies` VALUES ('杀死比尔（2003）', 8.10, '昆汀·塔伦蒂诺', '昆汀·塔伦蒂诺', '薇薇卡·福克斯', '动作片', '美国', '英语', '2003-10-10 00:00:00', 112, NULL);
INSERT INTO `movies` VALUES ('机器人总动员（2008）', 8.40, '安德鲁·斯坦顿', '安德鲁·斯坦顿', 'NikiMcElroy', '冒险', '美国', '英语', '2008-06-26 00:00:00', 98, NULL);
INSERT INTO `movies` VALUES ('非常嫌疑犯（1995）', 8.50, '布莱恩·辛格', '克里斯托弗·麦奎里', '本尼西奥·德尔', '犯罪', '美国', '英语', '1995-07-19 00:00:00', 106, NULL);
INSERT INTO `movies` VALUES ('勇敢的心（1995）', 8.30, '梅尔·吉布森', '兰道尔·华莱士', 'SandyNelson', '传记', '美国', '法语', '1995-05-18 00:00:00', 178, '惊世未了缘(港)');
INSERT INTO `movies` VALUES ('星球大战3：绝地归来（1983）', 8.30, '理查德·马昆德', 'LawrenceKasdan', '凯丽·费雪', '动作片', '美国', '英语', '1983-05-25 00:00:00', 134, NULL);
INSERT INTO `movies` VALUES ('钢铁侠（2008）', 7.90, '乔恩·费儒', '马克·弗格斯', '杰夫·布里吉斯', '动作片', '美国', '匈牙利语', '2008-04-30 00:00:00', 126, NULL);
INSERT INTO `movies` VALUES ('狮子王（1994）', 8.50, '罗杰·阿勒斯', '艾琳·梅琪', 'EvanSaucedo', '冒险', '美国', '英语', '1994-06-15 00:00:00', 89, NULL);
INSERT INTO `movies` VALUES ('楚门的世界（1998）', 8.10, '彼得·威尔', '安德鲁·尼科尔', '诺亚·艾默里奇', '喜剧', '美国', '英语', '1998-06-05 00:00:00', 103, NULL);
INSERT INTO `movies` VALUES ('第六感（1999）', 8.10, 'M.NightShyamalan', 'M.NightShyamalan', '托妮·科莱特', '剧情', '美国', '英语', '1999-08-06 00:00:00', 107, NULL);
INSERT INTO `movies` VALUES ('星际探索（2019）', 6.60, '詹姆斯·格雷', '詹姆斯·格雷', '鲁丝·内伽', '冒险', '中国大陆', '英语', '2019-09-18 00:00:00', 123, NULL);
INSERT INTO `movies` VALUES ('落水狗（1992）', 8.30, '昆汀·塔伦蒂诺', '昆汀·塔伦蒂诺', '迈克尔·马德森', '犯罪', '美国', '英语', '1992-09-02 00:00:00', 99, NULL);
INSERT INTO `movies` VALUES ('飞越疯人院（1975）', 8.70, '米洛斯·福尔曼', '劳伦斯·奥邦', '威尔·萨姆森', '剧情', '美国', '英语', '1975-11-19 00:00:00', 133, NULL);
INSERT INTO `movies` VALUES ('暖暖内含光（2004）', 8.30, '米歇尔·贡德里', '查理·考夫曼', 'GerryRobertByrne', '剧情', '美国', '英语', '2004-03-19 00:00:00', 108, NULL);
INSERT INTO `movies` VALUES ('夺宝奇兵（1981）', 8.40, '史蒂文·斯皮尔伯格', 'LawrenceKasdan', 'PaulFreeman', '动作片', '美国', '英语', '1981-06-12 00:00:00', 115, NULL);
INSERT INTO `movies` VALUES ('玩具总动员（1995）', 8.30, '约翰·拉塞特', '约翰·拉塞特', 'KresimirMikic', '冒险', '美国', '英语', '1995-11-22 00:00:00', 74, NULL);
INSERT INTO `movies` VALUES ('星球大战7：原力觉醒（2015）', 7.90, 'J·J·艾布拉姆斯', 'LawrenceKasdan', '凯丽·费雪', '动作片', '美国', '英语', '2015-12-16 00:00:00', 138, NULL);
INSERT INTO `movies` VALUES ('闪灵（1980）', 8.40, '斯坦利·库布里克', '斯蒂芬·金', 'DannyLloyd', '剧情', '英国', '英语', '1980-06-13 00:00:00', 142, NULL);
INSERT INTO `movies` VALUES ('侏罗纪公园（1993）', 8.10, '史蒂文·斯皮尔伯格', '迈克尔·克莱顿', '杰夫·高布伦', '动作片', '美国', '英语', '1993-06-11 00:00:00', 127, NULL);
INSERT INTO `movies` VALUES ('消失的爱人（2014）', 8.10, '大卫·芬奇', '吉莉安·弗琳', '尼尔·帕特里克', '剧情', '美国', '英语', '2014-10-01 00:00:00', 149, NULL);
INSERT INTO `movies` VALUES ('心灵捕手（1997）', 8.30, '格斯·范·桑特', '马特·达蒙', '斯特兰·斯卡斯加德', '剧情', '美国', '英语', '1998-01-09 00:00:00', 126, NULL);
INSERT INTO `movies` VALUES ('美丽心灵（2002）', 8.20, '朗·霍华德', '阿齐瓦·高斯曼', '詹妮弗·康纳利', '传记', '美国', '英语', '2002-01-04 00:00:00', 135, NULL);
INSERT INTO `movies` VALUES ('老无所依（2007）', 8.10, '伊桑·科恩', '乔尔·科恩', '乔什·布洛林', '犯罪', '美国', '英语', '2007-11-21 00:00:00', 122, NULL);
INSERT INTO `movies` VALUES ('肖申克的救赎（1994）', 9.30, '弗兰克·德拉邦特', '弗兰克·德拉邦特', '保罗·麦克兰尼', '剧情', '美国', '英语', '1994-09-10 00:00:00', 142, 'DieVerurteilten');
INSERT INTO `movies` VALUES ('蝙蝠侠：黑暗骑士（2008）', 9.00, '克里斯托弗·诺兰', '克里斯托弗·诺兰', '克里斯蒂安·贝尔', '动作片', '美国', '英语', '2008-07-16 00:00:00', 152, NULL);
INSERT INTO `movies` VALUES ('搏击俱乐部（1999）', 8.80, '大卫·芬奇', '吉姆·乌尔斯', '爱德华·诺顿', '剧情', '美国', '英语', '1999-10-15 00:00:00', 151, NULL);
INSERT INTO `movies` VALUES ('低俗小说（1994）', 8.90, '昆汀·塔伦蒂诺', '罗杰·阿夫瑞', '蒂姆·罗斯', '犯罪', '美国', '英语', '1994-09-10 00:00:00', 178, NULL);
INSERT INTO `movies` VALUES ('阿甘正传（1994）', 8.80, '罗伯特·泽米吉斯', '艾瑞克·罗斯', '汤姆·汉克斯', '剧情', '美国', '英语', '1994-07-06 00:00:00', 142, NULL);
INSERT INTO `movies` VALUES ('黑客帝国（1999）', 8.70, '拉娜·沃卓斯基', '拉娜·沃卓斯基', '基努·里维斯', '动作片', '美国', '英语', '1999-03-31 00:00:00', 136, NULL);
INSERT INTO `movies` VALUES ('指环王1：护戒使者（2001）', 9.00, '彼得·杰克逊', '弗兰·威尔士', 'NoelAppleby', '冒险', '美国', '英语', '2001-12-19 00:00:00', 208, '指环王1：魔戒再现');
INSERT INTO `movies` VALUES ('指环王3：王者无敌（2003）', 9.20, '彼得·杰克逊', '弗兰·威尔士', 'NoelAppleby', '冒险', '美国', '英语', '2003-12-17 00:00:00', 254, '魔戒三部曲：王者再临(台');
INSERT INTO `movies` VALUES ('教父（1972）', 9.20, '弗朗西斯·福特·科波拉', '弗朗西斯·福特·科波拉', '马龙·白兰度', '犯罪', '美国', '英语', '1972-03-24 00:00:00', 175, NULL);
INSERT INTO `movies` VALUES ('蝙蝠侠：黑暗骑士崛起（2012）', 8.40, '克里斯托弗·诺兰', '克里斯托弗·诺兰', '克里斯蒂安·贝尔', '动作片', '英国', '英语', '2012-07-19 00:00:00', 164, NULL);
INSERT INTO `movies` VALUES ('指环王2：双塔奇兵（2002）', 9.10, '彼得·杰克逊', '弗兰·威尔士', '布鲁克·奥佩斯', '冒险', '美国', '英语', '2002-12-05 00:00:00', 223, '魔戒二部曲：双城奇谋');
INSERT INTO `movies` VALUES ('星际穿越（2014）', 8.60, '克里斯托弗·诺兰', '克里斯托弗·诺兰', '艾伦·伯斯汀', '冒险', '美国', '英语', '2014-11-07 00:00:00', 169, NULL);
INSERT INTO `movies` VALUES ('阳光普照（2019）', 7.70, '钟孟宏', '钟孟宏', '巫建和', '犯罪', '中国台湾', '普通话', '2019-11-01 00:00:00', 152, NULL);
INSERT INTO `movies` VALUES ('肖申克的救赎（1994）', 9.30, '弗兰克·德拉邦特', '弗兰克·德拉邦特', '蒂姆·罗宾斯', '剧情', '美国', '英语', '1994-09-10 00:00:00', 142, 'DieVerurteilten');
INSERT INTO `movies` VALUES ('蝙蝠侠：黑暗骑士（2008）', 9.00, '克里斯托弗·诺兰', '克里斯托弗·诺兰', '希斯·莱杰', '动作片', '美国', '英语', '2008-07-16 00:00:00', 152, NULL);
INSERT INTO `movies` VALUES ('搏击俱乐部（1999）', 8.80, '大卫·芬奇', '吉姆·乌尔斯', '布拉德·皮特', '剧情', '美国', '英语', '1999-10-15 00:00:00', 151, NULL);
INSERT INTO `movies` VALUES ('低俗小说（1994）', 8.90, '昆汀·塔伦蒂诺', '罗杰·阿夫瑞', '阿曼达·普拉莫', '犯罪', '美国', '英语', '1994-09-10 00:00:00', 178, NULL);
INSERT INTO `movies` VALUES ('阿甘正传（1994）', 8.80, '罗伯特·泽米吉斯', '艾瑞克·罗斯', 'RebeccaWilliams', '剧情', '美国', '英语', '1994-07-06 00:00:00', 142, NULL);
INSERT INTO `movies` VALUES ('黑客帝国（1999）', 8.70, '拉娜·沃卓斯基', '拉娜·沃卓斯基', '劳伦斯·菲什伯恩', '动作片', '美国', '英语', '1999-03-31 00:00:00', 136, NULL);
INSERT INTO `movies` VALUES ('指环王1：护戒使者（2001）', 9.00, '彼得·杰克逊', '弗兰·威尔士', '西恩·奥斯汀', '冒险', '美国', '英语', '2001-12-19 00:00:00', 208, '指环王1：魔戒再现');
INSERT INTO `movies` VALUES ('指环王3：王者无敌（2003）', 9.20, '彼得·杰克逊', '弗兰·威尔士', 'AliAstin', '冒险', '美国', '英语', '2003-12-17 00:00:00', 254, '魔戒三部曲：王者再临(台');
INSERT INTO `movies` VALUES ('教父（1972）', 9.20, '弗朗西斯·福特·科波拉', '弗朗西斯·福特·科波拉', '阿尔·帕西诺', '犯罪', '美国', '英语', '1972-03-24 00:00:00', 175, NULL);
INSERT INTO `movies` VALUES ('蝙蝠侠：黑暗骑士崛起（2012）', 8.40, '克里斯托弗·诺兰', '克里斯托弗·诺兰', '加里·奥德曼', '动作片', '英国', '英语', '2012-07-19 00:00:00', 164, NULL);
INSERT INTO `movies` VALUES ('指环王2：双塔奇兵（2002）', 9.10, '彼得·杰克逊', '弗兰·威尔士', '西恩·奥斯汀', '冒险', '美国', '英语', '2002-12-05 00:00:00', 223, '魔戒二部曲：双城奇谋');
INSERT INTO `movies` VALUES ('星际穿越（2014）', 8.60, '克里斯托弗·诺兰', '克里斯托弗·诺兰', '马修·麦康纳', '冒险', '美国', '英语', '2014-11-07 00:00:00', 169, NULL);
INSERT INTO `movies` VALUES ('阳光普照（2019）', 7.70, '钟孟宏', '钟孟宏', '陈以文', '犯罪', '中国台湾', '普通话', '2019-11-01 00:00:00', 152, NULL);
INSERT INTO `movies` VALUES ('肖申克的救赎（1994）', 9.30, '弗兰克·德拉邦特', '弗兰克·德拉邦特', '摩根·弗里曼', '剧情', '美国', '英语', '1994-09-10 00:00:00', 142, 'DieVerurteilten');
INSERT INTO `movies` VALUES ('蝙蝠侠：黑暗骑士（2008）', 9.00, '克里斯托弗·诺兰', '克里斯托弗·诺兰', '艾伦·艾克哈特', '动作片', '美国', '英语', '2008-07-16 00:00:00', 152, NULL);
INSERT INTO `movies` VALUES ('搏击俱乐部（1999）', 8.80, '大卫·芬奇', '吉姆·乌尔斯', '米特·洛夫', '剧情', '美国', '英语', '1999-10-15 00:00:00', 151, NULL);
INSERT INTO `movies` VALUES ('低俗小说（1994）', 8.90, '昆汀·塔伦蒂诺', '罗杰·阿夫瑞', '劳拉·拉芙蕾丝', '犯罪', '美国', '英语', '1994-09-10 00:00:00', 178, NULL);
INSERT INTO `movies` VALUES ('阿甘正传（1994）', 8.80, '罗伯特·泽米吉斯', '艾瑞克·罗斯', '莎莉·菲尔德', '剧情', '美国', '英语', '1994-07-06 00:00:00', 142, NULL);
INSERT INTO `movies` VALUES ('黑客帝国（1999）', 8.70, '拉娜·沃卓斯基', '拉娜·沃卓斯基', '凯瑞', '动作片', '美国', '英语', '1999-03-31 00:00:00', 136, NULL);
INSERT INTO `movies` VALUES ('指环王1：护戒使者（2001）', 9.00, '彼得·杰克逊', '弗兰·威尔士', '萨拉·贝克', '冒险', '美国', '英语', '2001-12-19 00:00:00', 208, '指环王1：魔戒再现');
INSERT INTO `movies` VALUES ('指环王3：王者无敌（2003）', 9.20, '彼得·杰克逊', '弗兰·威尔士', '西恩·奥斯汀', '冒险', '美国', '英语', '2003-12-17 00:00:00', 254, '魔戒三部曲：王者再临(台');
INSERT INTO `movies` VALUES ('教父（1972）', 9.20, '弗朗西斯·福特·科波拉', '弗朗西斯·福特·科波拉', '詹姆斯·肯恩', '犯罪', '美国', '英语', '1972-03-24 00:00:00', 175, NULL);
INSERT INTO `movies` VALUES ('蝙蝠侠：黑暗骑士崛起（2012）', 8.40, '克里斯托弗·诺兰', '克里斯托弗·诺兰', '汤姆·哈迪', '动作片', '英国', '英语', '2012-07-19 00:00:00', 164, NULL);
INSERT INTO `movies` VALUES ('指环王2：双塔奇兵（2002）', 9.10, '彼得·杰克逊', '弗兰·威尔士', '约翰·贝西', '冒险', '美国', '英语', '2002-12-05 00:00:00', 223, '魔戒二部曲：双城奇谋');
INSERT INTO `movies` VALUES ('星际穿越（2014）', 8.60, '克里斯托弗·诺兰', '克里斯托弗·诺兰', '麦肯吉·弗依', '冒险', '美国', '英语', '2014-11-07 00:00:00', 169, NULL);
INSERT INTO `movies` VALUES ('阳光普照（2019）', 7.70, '钟孟宏', '钟孟宏', '柯淑勤', '犯罪', '中国台湾', '普通话', '2019-11-01 00:00:00', 152, NULL);

-- ----------------------------
-- Table structure for per_movie
-- ----------------------------
DROP TABLE IF EXISTS `per_movie`;
CREATE TABLE `per_movie`  (
  `performer_id` int NOT NULL AUTO_INCREMENT,
  `movie_id` int NOT NULL,
  PRIMARY KEY (`performer_id`, `movie_id`) USING BTREE,
  INDEX `per_movie_ibfk_1`(`movie_id` ASC) USING BTREE,
  CONSTRAINT `per_movie_ibfk_1` FOREIGN KEY (`movie_id`) REFERENCES `movie` (`movie_id`) ON DELETE CASCADE ON UPDATE RESTRICT,
  CONSTRAINT `per_movie_ibfk_2` FOREIGN KEY (`performer_id`) REFERENCES `performer` (`performer_id`) ON DELETE CASCADE ON UPDATE RESTRICT
) ENGINE = InnoDB AUTO_INCREMENT = 546 CHARACTER SET = utf8mb4 COLLATE = utf8mb4_0900_ai_ci ROW_FORMAT = DYNAMIC;

-- ----------------------------
-- Records of per_movie
-- ----------------------------
INSERT INTO `per_movie` VALUES (1, 1);
INSERT INTO `per_movie` VALUES (12, 1);
INSERT INTO `per_movie` VALUES (156, 1);
INSERT INTO `per_movie` VALUES (2, 2);
INSERT INTO `per_movie` VALUES (157, 2);
INSERT INTO `per_movie` VALUES (223, 2);
INSERT INTO `per_movie` VALUES (3, 3);
INSERT INTO `per_movie` VALUES (17, 3);
INSERT INTO `per_movie` VALUES (224, 3);
INSERT INTO `per_movie` VALUES (4, 4);
INSERT INTO `per_movie` VALUES (158, 4);
INSERT INTO `per_movie` VALUES (225, 4);
INSERT INTO `per_movie` VALUES (5, 5);
INSERT INTO `per_movie` VALUES (159, 5);
INSERT INTO `per_movie` VALUES (226, 5);
INSERT INTO `per_movie` VALUES (6, 6);
INSERT INTO `per_movie` VALUES (160, 6);
INSERT INTO `per_movie` VALUES (174, 6);
INSERT INTO `per_movie` VALUES (7, 7);
INSERT INTO `per_movie` VALUES (161, 7);
INSERT INTO `per_movie` VALUES (227, 7);
INSERT INTO `per_movie` VALUES (7, 8);
INSERT INTO `per_movie` VALUES (161, 8);
INSERT INTO `per_movie` VALUES (162, 8);
INSERT INTO `per_movie` VALUES (8, 9);
INSERT INTO `per_movie` VALUES (24, 9);
INSERT INTO `per_movie` VALUES (228, 9);
INSERT INTO `per_movie` VALUES (2, 10);
INSERT INTO `per_movie` VALUES (163, 10);
INSERT INTO `per_movie` VALUES (229, 10);
INSERT INTO `per_movie` VALUES (9, 11);
INSERT INTO `per_movie` VALUES (161, 11);
INSERT INTO `per_movie` VALUES (230, 11);
INSERT INTO `per_movie` VALUES (10, 12);
INSERT INTO `per_movie` VALUES (151, 12);
INSERT INTO `per_movie` VALUES (231, 12);
INSERT INTO `per_movie` VALUES (11, 13);
INSERT INTO `per_movie` VALUES (164, 13);
INSERT INTO `per_movie` VALUES (232, 13);
INSERT INTO `per_movie` VALUES (12, 14);
INSERT INTO `per_movie` VALUES (165, 14);
INSERT INTO `per_movie` VALUES (233, 14);
INSERT INTO `per_movie` VALUES (13, 15);
INSERT INTO `per_movie` VALUES (20, 15);
INSERT INTO `per_movie` VALUES (166, 15);
INSERT INTO `per_movie` VALUES (14, 16);
INSERT INTO `per_movie` VALUES (51, 16);
INSERT INTO `per_movie` VALUES (234, 16);
INSERT INTO `per_movie` VALUES (2, 17);
INSERT INTO `per_movie` VALUES (19, 17);
INSERT INTO `per_movie` VALUES (167, 17);
INSERT INTO `per_movie` VALUES (15, 18);
INSERT INTO `per_movie` VALUES (62, 18);
INSERT INTO `per_movie` VALUES (176, 18);
INSERT INTO `per_movie` VALUES (16, 19);
INSERT INTO `per_movie` VALUES (168, 19);
INSERT INTO `per_movie` VALUES (235, 19);
INSERT INTO `per_movie` VALUES (17, 20);
INSERT INTO `per_movie` VALUES (166, 20);
INSERT INTO `per_movie` VALUES (169, 20);
INSERT INTO `per_movie` VALUES (18, 21);
INSERT INTO `per_movie` VALUES (41, 21);
INSERT INTO `per_movie` VALUES (236, 21);
INSERT INTO `per_movie` VALUES (5, 22);
INSERT INTO `per_movie` VALUES (170, 22);
INSERT INTO `per_movie` VALUES (237, 22);
INSERT INTO `per_movie` VALUES (19, 23);
INSERT INTO `per_movie` VALUES (69, 23);
INSERT INTO `per_movie` VALUES (171, 23);
INSERT INTO `per_movie` VALUES (20, 24);
INSERT INTO `per_movie` VALUES (40, 24);
INSERT INTO `per_movie` VALUES (45, 24);
INSERT INTO `per_movie` VALUES (2, 25);
INSERT INTO `per_movie` VALUES (21, 25);
INSERT INTO `per_movie` VALUES (167, 25);
INSERT INTO `per_movie` VALUES (18, 26);
INSERT INTO `per_movie` VALUES (41, 26);
INSERT INTO `per_movie` VALUES (236, 26);
INSERT INTO `per_movie` VALUES (20, 27);
INSERT INTO `per_movie` VALUES (117, 27);
INSERT INTO `per_movie` VALUES (238, 27);
INSERT INTO `per_movie` VALUES (22, 28);
INSERT INTO `per_movie` VALUES (83, 28);
INSERT INTO `per_movie` VALUES (172, 28);
INSERT INTO `per_movie` VALUES (5, 29);
INSERT INTO `per_movie` VALUES (173, 29);
INSERT INTO `per_movie` VALUES (239, 29);
INSERT INTO `per_movie` VALUES (23, 30);
INSERT INTO `per_movie` VALUES (174, 30);
INSERT INTO `per_movie` VALUES (240, 30);
INSERT INTO `per_movie` VALUES (24, 31);
INSERT INTO `per_movie` VALUES (175, 31);
INSERT INTO `per_movie` VALUES (241, 31);
INSERT INTO `per_movie` VALUES (20, 32);
INSERT INTO `per_movie` VALUES (171, 32);
INSERT INTO `per_movie` VALUES (176, 32);
INSERT INTO `per_movie` VALUES (25, 33);
INSERT INTO `per_movie` VALUES (177, 33);
INSERT INTO `per_movie` VALUES (242, 33);
INSERT INTO `per_movie` VALUES (20, 34);
INSERT INTO `per_movie` VALUES (178, 34);
INSERT INTO `per_movie` VALUES (243, 34);
INSERT INTO `per_movie` VALUES (3, 35);
INSERT INTO `per_movie` VALUES (179, 35);
INSERT INTO `per_movie` VALUES (244, 35);
INSERT INTO `per_movie` VALUES (26, 36);
INSERT INTO `per_movie` VALUES (180, 36);
INSERT INTO `per_movie` VALUES (245, 36);
INSERT INTO `per_movie` VALUES (27, 37);
INSERT INTO `per_movie` VALUES (181, 37);
INSERT INTO `per_movie` VALUES (246, 37);
INSERT INTO `per_movie` VALUES (28, 38);
INSERT INTO `per_movie` VALUES (182, 38);
INSERT INTO `per_movie` VALUES (247, 38);
INSERT INTO `per_movie` VALUES (27, 39);
INSERT INTO `per_movie` VALUES (29, 39);
INSERT INTO `per_movie` VALUES (163, 39);
INSERT INTO `per_movie` VALUES (30, 40);
INSERT INTO `per_movie` VALUES (183, 40);
INSERT INTO `per_movie` VALUES (248, 40);
INSERT INTO `per_movie` VALUES (31, 41);
INSERT INTO `per_movie` VALUES (179, 41);
INSERT INTO `per_movie` VALUES (184, 41);
INSERT INTO `per_movie` VALUES (32, 42);
INSERT INTO `per_movie` VALUES (78, 42);
INSERT INTO `per_movie` VALUES (185, 42);
INSERT INTO `per_movie` VALUES (33, 43);
INSERT INTO `per_movie` VALUES (186, 43);
INSERT INTO `per_movie` VALUES (249, 43);
INSERT INTO `per_movie` VALUES (34, 44);
INSERT INTO `per_movie` VALUES (52, 44);
INSERT INTO `per_movie` VALUES (187, 44);
INSERT INTO `per_movie` VALUES (35, 45);
INSERT INTO `per_movie` VALUES (188, 45);
INSERT INTO `per_movie` VALUES (250, 45);
INSERT INTO `per_movie` VALUES (18, 46);
INSERT INTO `per_movie` VALUES (41, 46);
INSERT INTO `per_movie` VALUES (236, 46);
INSERT INTO `per_movie` VALUES (15, 47);
INSERT INTO `per_movie` VALUES (63, 47);
INSERT INTO `per_movie` VALUES (189, 47);
INSERT INTO `per_movie` VALUES (36, 48);
INSERT INTO `per_movie` VALUES (190, 48);
INSERT INTO `per_movie` VALUES (251, 48);
INSERT INTO `per_movie` VALUES (37, 49);
INSERT INTO `per_movie` VALUES (191, 49);
INSERT INTO `per_movie` VALUES (252, 49);
INSERT INTO `per_movie` VALUES (38, 50);
INSERT INTO `per_movie` VALUES (192, 50);
INSERT INTO `per_movie` VALUES (253, 50);
INSERT INTO `per_movie` VALUES (17, 51);
INSERT INTO `per_movie` VALUES (46, 51);
INSERT INTO `per_movie` VALUES (254, 51);
INSERT INTO `per_movie` VALUES (4, 52);
INSERT INTO `per_movie` VALUES (39, 52);
INSERT INTO `per_movie` VALUES (255, 52);
INSERT INTO `per_movie` VALUES (40, 53);
INSERT INTO `per_movie` VALUES (193, 53);
INSERT INTO `per_movie` VALUES (256, 53);
INSERT INTO `per_movie` VALUES (37, 54);
INSERT INTO `per_movie` VALUES (178, 54);
INSERT INTO `per_movie` VALUES (257, 54);
INSERT INTO `per_movie` VALUES (41, 55);
INSERT INTO `per_movie` VALUES (194, 55);
INSERT INTO `per_movie` VALUES (258, 55);
INSERT INTO `per_movie` VALUES (42, 56);
INSERT INTO `per_movie` VALUES (68, 56);
INSERT INTO `per_movie` VALUES (195, 56);
INSERT INTO `per_movie` VALUES (18, 57);
INSERT INTO `per_movie` VALUES (41, 57);
INSERT INTO `per_movie` VALUES (236, 57);
INSERT INTO `per_movie` VALUES (40, 58);
INSERT INTO `per_movie` VALUES (196, 58);
INSERT INTO `per_movie` VALUES (259, 58);
INSERT INTO `per_movie` VALUES (43, 59);
INSERT INTO `per_movie` VALUES (197, 59);
INSERT INTO `per_movie` VALUES (260, 59);
INSERT INTO `per_movie` VALUES (44, 60);
INSERT INTO `per_movie` VALUES (198, 60);
INSERT INTO `per_movie` VALUES (261, 60);
INSERT INTO `per_movie` VALUES (44, 61);
INSERT INTO `per_movie` VALUES (45, 61);
INSERT INTO `per_movie` VALUES (262, 61);
INSERT INTO `per_movie` VALUES (14, 62);
INSERT INTO `per_movie` VALUES (199, 62);
INSERT INTO `per_movie` VALUES (263, 62);
INSERT INTO `per_movie` VALUES (46, 63);
INSERT INTO `per_movie` VALUES (200, 63);
INSERT INTO `per_movie` VALUES (264, 63);
INSERT INTO `per_movie` VALUES (47, 64);
INSERT INTO `per_movie` VALUES (195, 64);
INSERT INTO `per_movie` VALUES (48, 65);
INSERT INTO `per_movie` VALUES (201, 65);
INSERT INTO `per_movie` VALUES (31, 66);
INSERT INTO `per_movie` VALUES (202, 66);
INSERT INTO `per_movie` VALUES (49, 67);
INSERT INTO `per_movie` VALUES (203, 67);
INSERT INTO `per_movie` VALUES (5, 68);
INSERT INTO `per_movie` VALUES (20, 68);
INSERT INTO `per_movie` VALUES (50, 69);
INSERT INTO `per_movie` VALUES (204, 69);
INSERT INTO `per_movie` VALUES (38, 70);
INSERT INTO `per_movie` VALUES (205, 70);
INSERT INTO `per_movie` VALUES (30, 71);
INSERT INTO `per_movie` VALUES (51, 71);
INSERT INTO `per_movie` VALUES (52, 72);
INSERT INTO `per_movie` VALUES (206, 72);
INSERT INTO `per_movie` VALUES (53, 73);
INSERT INTO `per_movie` VALUES (207, 73);
INSERT INTO `per_movie` VALUES (54, 74);
INSERT INTO `per_movie` VALUES (83, 74);
INSERT INTO `per_movie` VALUES (55, 75);
INSERT INTO `per_movie` VALUES (208, 75);
INSERT INTO `per_movie` VALUES (56, 76);
INSERT INTO `per_movie` VALUES (209, 76);
INSERT INTO `per_movie` VALUES (10, 77);
INSERT INTO `per_movie` VALUES (210, 77);
INSERT INTO `per_movie` VALUES (45, 78);
INSERT INTO `per_movie` VALUES (211, 78);
INSERT INTO `per_movie` VALUES (57, 79);
INSERT INTO `per_movie` VALUES (212, 79);
INSERT INTO `per_movie` VALUES (58, 80);
INSERT INTO `per_movie` VALUES (213, 80);
INSERT INTO `per_movie` VALUES (27, 81);
INSERT INTO `per_movie` VALUES (59, 81);
INSERT INTO `per_movie` VALUES (60, 82);
INSERT INTO `per_movie` VALUES (214, 82);
INSERT INTO `per_movie` VALUES (61, 83);
INSERT INTO `per_movie` VALUES (215, 83);
INSERT INTO `per_movie` VALUES (62, 84);
INSERT INTO `per_movie` VALUES (216, 84);
INSERT INTO `per_movie` VALUES (24, 85);
INSERT INTO `per_movie` VALUES (217, 85);
INSERT INTO `per_movie` VALUES (19, 86);
INSERT INTO `per_movie` VALUES (65, 86);
INSERT INTO `per_movie` VALUES (63, 87);
INSERT INTO `per_movie` VALUES (218, 87);
INSERT INTO `per_movie` VALUES (64, 88);
INSERT INTO `per_movie` VALUES (219, 88);
INSERT INTO `per_movie` VALUES (27, 89);
INSERT INTO `per_movie` VALUES (65, 89);
INSERT INTO `per_movie` VALUES (66, 90);
INSERT INTO `per_movie` VALUES (220, 90);
INSERT INTO `per_movie` VALUES (59, 91);
INSERT INTO `per_movie` VALUES (221, 91);
INSERT INTO `per_movie` VALUES (67, 92);
INSERT INTO `per_movie` VALUES (222, 92);
INSERT INTO `per_movie` VALUES (68, 93);
INSERT INTO `per_movie` VALUES (69, 94);
INSERT INTO `per_movie` VALUES (27, 95);
INSERT INTO `per_movie` VALUES (70, 96);
INSERT INTO `per_movie` VALUES (71, 97);
INSERT INTO `per_movie` VALUES (72, 98);
INSERT INTO `per_movie` VALUES (73, 99);
INSERT INTO `per_movie` VALUES (74, 100);
INSERT INTO `per_movie` VALUES (50, 101);
INSERT INTO `per_movie` VALUES (41, 102);
INSERT INTO `per_movie` VALUES (20, 103);
INSERT INTO `per_movie` VALUES (41, 104);
INSERT INTO `per_movie` VALUES (75, 105);
INSERT INTO `per_movie` VALUES (76, 106);
INSERT INTO `per_movie` VALUES (77, 107);
INSERT INTO `per_movie` VALUES (78, 108);
INSERT INTO `per_movie` VALUES (79, 109);
INSERT INTO `per_movie` VALUES (21, 110);
INSERT INTO `per_movie` VALUES (80, 111);
INSERT INTO `per_movie` VALUES (81, 112);
INSERT INTO `per_movie` VALUES (26, 113);
INSERT INTO `per_movie` VALUES (62, 114);
INSERT INTO `per_movie` VALUES (82, 115);
INSERT INTO `per_movie` VALUES (83, 116);
INSERT INTO `per_movie` VALUES (84, 117);
INSERT INTO `per_movie` VALUES (65, 118);
INSERT INTO `per_movie` VALUES (21, 119);
INSERT INTO `per_movie` VALUES (65, 120);
INSERT INTO `per_movie` VALUES (85, 121);
INSERT INTO `per_movie` VALUES (44, 122);
INSERT INTO `per_movie` VALUES (86, 123);
INSERT INTO `per_movie` VALUES (87, 124);
INSERT INTO `per_movie` VALUES (88, 125);
INSERT INTO `per_movie` VALUES (45, 126);
INSERT INTO `per_movie` VALUES (89, 127);
INSERT INTO `per_movie` VALUES (90, 128);
INSERT INTO `per_movie` VALUES (91, 129);
INSERT INTO `per_movie` VALUES (55, 130);
INSERT INTO `per_movie` VALUES (92, 131);
INSERT INTO `per_movie` VALUES (26, 132);
INSERT INTO `per_movie` VALUES (17, 133);
INSERT INTO `per_movie` VALUES (8, 134);
INSERT INTO `per_movie` VALUES (59, 135);
INSERT INTO `per_movie` VALUES (93, 136);
INSERT INTO `per_movie` VALUES (94, 137);
INSERT INTO `per_movie` VALUES (95, 138);
INSERT INTO `per_movie` VALUES (96, 139);
INSERT INTO `per_movie` VALUES (15, 140);
INSERT INTO `per_movie` VALUES (75, 141);
INSERT INTO `per_movie` VALUES (97, 142);
INSERT INTO `per_movie` VALUES (98, 143);
INSERT INTO `per_movie` VALUES (99, 144);
INSERT INTO `per_movie` VALUES (100, 145);
INSERT INTO `per_movie` VALUES (44, 146);
INSERT INTO `per_movie` VALUES (101, 147);
INSERT INTO `per_movie` VALUES (102, 148);
INSERT INTO `per_movie` VALUES (103, 149);
INSERT INTO `per_movie` VALUES (104, 150);
INSERT INTO `per_movie` VALUES (21, 151);
INSERT INTO `per_movie` VALUES (105, 152);
INSERT INTO `per_movie` VALUES (19, 153);
INSERT INTO `per_movie` VALUES (24, 154);
INSERT INTO `per_movie` VALUES (106, 155);
INSERT INTO `per_movie` VALUES (107, 156);
INSERT INTO `per_movie` VALUES (108, 157);
INSERT INTO `per_movie` VALUES (109, 158);
INSERT INTO `per_movie` VALUES (99, 159);
INSERT INTO `per_movie` VALUES (18, 160);
INSERT INTO `per_movie` VALUES (110, 161);
INSERT INTO `per_movie` VALUES (111, 162);
INSERT INTO `per_movie` VALUES (74, 163);
INSERT INTO `per_movie` VALUES (112, 164);
INSERT INTO `per_movie` VALUES (113, 165);
INSERT INTO `per_movie` VALUES (113, 166);
INSERT INTO `per_movie` VALUES (114, 167);
INSERT INTO `per_movie` VALUES (115, 168);
INSERT INTO `per_movie` VALUES (75, 169);
INSERT INTO `per_movie` VALUES (25, 170);
INSERT INTO `per_movie` VALUES (116, 171);
INSERT INTO `per_movie` VALUES (6, 172);
INSERT INTO `per_movie` VALUES (117, 173);
INSERT INTO `per_movie` VALUES (118, 174);
INSERT INTO `per_movie` VALUES (119, 175);
INSERT INTO `per_movie` VALUES (120, 176);
INSERT INTO `per_movie` VALUES (46, 177);
INSERT INTO `per_movie` VALUES (121, 178);
INSERT INTO `per_movie` VALUES (122, 179);
INSERT INTO `per_movie` VALUES (123, 180);
INSERT INTO `per_movie` VALUES (124, 181);
INSERT INTO `per_movie` VALUES (125, 182);
INSERT INTO `per_movie` VALUES (45, 183);
INSERT INTO `per_movie` VALUES (126, 184);
INSERT INTO `per_movie` VALUES (127, 185);
INSERT INTO `per_movie` VALUES (128, 186);
INSERT INTO `per_movie` VALUES (129, 187);
INSERT INTO `per_movie` VALUES (130, 188);
INSERT INTO `per_movie` VALUES (131, 189);
INSERT INTO `per_movie` VALUES (75, 190);
INSERT INTO `per_movie` VALUES (132, 191);
INSERT INTO `per_movie` VALUES (133, 192);
INSERT INTO `per_movie` VALUES (74, 193);
INSERT INTO `per_movie` VALUES (134, 194);
INSERT INTO `per_movie` VALUES (20, 195);
INSERT INTO `per_movie` VALUES (113, 196);
INSERT INTO `per_movie` VALUES (107, 197);
INSERT INTO `per_movie` VALUES (135, 198);
INSERT INTO `per_movie` VALUES (21, 199);
INSERT INTO `per_movie` VALUES (58, 200);
INSERT INTO `per_movie` VALUES (55, 201);
INSERT INTO `per_movie` VALUES (136, 202);
INSERT INTO `per_movie` VALUES (137, 203);
INSERT INTO `per_movie` VALUES (138, 204);
INSERT INTO `per_movie` VALUES (127, 205);
INSERT INTO `per_movie` VALUES (2, 206);
INSERT INTO `per_movie` VALUES (21, 207);
INSERT INTO `per_movie` VALUES (139, 208);
INSERT INTO `per_movie` VALUES (28, 209);
INSERT INTO `per_movie` VALUES (140, 210);
INSERT INTO `per_movie` VALUES (141, 211);
INSERT INTO `per_movie` VALUES (142, 212);
INSERT INTO `per_movie` VALUES (143, 213);
INSERT INTO `per_movie` VALUES (126, 214);
INSERT INTO `per_movie` VALUES (144, 215);
INSERT INTO `per_movie` VALUES (113, 216);
INSERT INTO `per_movie` VALUES (2, 217);
INSERT INTO `per_movie` VALUES (58, 218);
INSERT INTO `per_movie` VALUES (145, 219);
INSERT INTO `per_movie` VALUES (17, 220);
INSERT INTO `per_movie` VALUES (20, 221);
INSERT INTO `per_movie` VALUES (146, 222);
INSERT INTO `per_movie` VALUES (147, 223);
INSERT INTO `per_movie` VALUES (26, 224);
INSERT INTO `per_movie` VALUES (75, 225);
INSERT INTO `per_movie` VALUES (148, 226);
INSERT INTO `per_movie` VALUES (41, 227);
INSERT INTO `per_movie` VALUES (107, 228);
INSERT INTO `per_movie` VALUES (149, 229);
INSERT INTO `per_movie` VALUES (150, 230);
INSERT INTO `per_movie` VALUES (75, 231);
INSERT INTO `per_movie` VALUES (45, 232);
INSERT INTO `per_movie` VALUES (3, 233);
INSERT INTO `per_movie` VALUES (151, 234);
INSERT INTO `per_movie` VALUES (152, 235);
INSERT INTO `per_movie` VALUES (38, 236);
INSERT INTO `per_movie` VALUES (58, 237);
INSERT INTO `per_movie` VALUES (59, 238);
INSERT INTO `per_movie` VALUES (153, 239);
INSERT INTO `per_movie` VALUES (154, 240);

-- ----------------------------
-- Table structure for performer
-- ----------------------------
DROP TABLE IF EXISTS `performer`;
CREATE TABLE `performer`  (
  `performer_id` int NOT NULL AUTO_INCREMENT,
  `performer` varchar(255) CHARACTER SET utf8mb4 COLLATE utf8mb4_0900_ai_ci NOT NULL,
  PRIMARY KEY (`performer_id`) USING BTREE
) ENGINE = InnoDB AUTO_INCREMENT = 266 CHARACTER SET = utf8mb4 COLLATE = utf8mb4_0900_ai_ci ROW_FORMAT = DYNAMIC;

-- ----------------------------
-- Records of performer
-- ----------------------------
INSERT INTO `performer` VALUES (1, '保罗·麦克兰尼');
INSERT INTO `performer` VALUES (2, '克里斯蒂安·贝尔');
INSERT INTO `performer` VALUES (3, '爱德华·诺顿');
INSERT INTO `performer` VALUES (4, '蒂姆·罗斯');
INSERT INTO `performer` VALUES (5, '汤姆·汉克斯');
INSERT INTO `performer` VALUES (6, '基努·里维斯');
INSERT INTO `performer` VALUES (7, 'NoelAppleby');
INSERT INTO `performer` VALUES (8, '马龙·白兰度');
INSERT INTO `performer` VALUES (9, '布鲁克·奥佩斯');
INSERT INTO `performer` VALUES (10, '艾伦·伯斯汀');
INSERT INTO `performer` VALUES (11, '巫建和');
INSERT INTO `performer` VALUES (12, '摩根·弗里曼');
INSERT INTO `performer` VALUES (13, '杰米·福克斯');
INSERT INTO `performer` VALUES (14, '罗素·克劳');
INSERT INTO `performer` VALUES (15, '小罗伯特·唐尼');
INSERT INTO `performer` VALUES (16, '朱迪·福斯特');
INSERT INTO `performer` VALUES (17, '布拉德·皮特');
INSERT INTO `performer` VALUES (18, '马克·哈米尔');
INSERT INTO `performer` VALUES (19, '连姆·尼森');
INSERT INTO `performer` VALUES (20, '莱昂纳多·迪卡普里奥');
INSERT INTO `performer` VALUES (21, '休·杰克曼');
INSERT INTO `performer` VALUES (22, '萨姆·沃辛顿');
INSERT INTO `performer` VALUES (23, '盖·皮尔斯');
INSERT INTO `performer` VALUES (24, '阿尔·帕西诺');
INSERT INTO `performer` VALUES (25, '凯文·史派西');
INSERT INTO `performer` VALUES (26, '约翰尼·德普');
INSERT INTO `performer` VALUES (27, '娜塔莉·波特曼');
INSERT INTO `performer` VALUES (28, '迈克尔');
INSERT INTO `performer` VALUES (29, '让·雷诺');
INSERT INTO `performer` VALUES (30, '罗伯特·德尼罗');
INSERT INTO `performer` VALUES (31, '阿诺·施瓦辛格');
INSERT INTO `performer` VALUES (32, '乌玛·瑟曼');
INSERT INTO `performer` VALUES (33, '佛莱德·威拉特');
INSERT INTO `performer` VALUES (34, '史蒂芬·鲍德温');
INSERT INTO `performer` VALUES (35, 'JamesRobinson');
INSERT INTO `performer` VALUES (36, '杰夫·贝内特');
INSERT INTO `performer` VALUES (37, '金·凯瑞');
INSERT INTO `performer` VALUES (38, '布鲁斯·威利斯');
INSERT INTO `performer` VALUES (39, '哈威·凯特尔');
INSERT INTO `performer` VALUES (40, '杰克·尼科尔森');
INSERT INTO `performer` VALUES (41, '哈里森·福特');
INSERT INTO `performer` VALUES (42, 'NenadCvetko');
INSERT INTO `performer` VALUES (43, '山姆·尼尔');
INSERT INTO `performer` VALUES (44, '本·阿弗莱克');
INSERT INTO `performer` VALUES (45, '马特·达蒙');
INSERT INTO `performer` VALUES (46, 'TommyLeeJones');
INSERT INTO `performer` VALUES (47, 'StojanMatavulj');
INSERT INTO `performer` VALUES (48, '戴夫·帕特尔');
INSERT INTO `performer` VALUES (49, '成龙');
INSERT INTO `performer` VALUES (50, '马克·沃尔伯格');
INSERT INTO `performer` VALUES (51, '华金·菲尼克斯');
INSERT INTO `performer` VALUES (52, '本尼西奥·德尔');
INSERT INTO `performer` VALUES (53, '海莉·斯坦菲尔德');
INSERT INTO `performer` VALUES (54, '汤姆·斯凯里特');
INSERT INTO `performer` VALUES (55, '伊恩·麦克莱恩');
INSERT INTO `performer` VALUES (56, '杰西卡·阿尔芭');
INSERT INTO `performer` VALUES (57, '马尔科姆·麦克道威尔');
INSERT INTO `performer` VALUES (58, '杰克·吉伦哈尔');
INSERT INTO `performer` VALUES (59, '克里斯·海姆斯沃斯');
INSERT INTO `performer` VALUES (60, '道恩·强森');
INSERT INTO `performer` VALUES (61, '杰拉德·巴特勒');
INSERT INTO `performer` VALUES (62, '克里斯·埃文斯');
INSERT INTO `performer` VALUES (63, '杰夫·布里吉斯');
INSERT INTO `performer` VALUES (64, '艾德里安·布洛迪');
INSERT INTO `performer` VALUES (65, '伊万·麦克格雷格');
INSERT INTO `performer` VALUES (66, '奥黛丽·塔图');
INSERT INTO `performer` VALUES (67, 'DiahnneAbbott');
INSERT INTO `performer` VALUES (68, 'KresimirMikic');
INSERT INTO `performer` VALUES (69, '拉尔夫·费因斯');
INSERT INTO `performer` VALUES (70, '崔维斯·费米尔');
INSERT INTO `performer` VALUES (71, '亚历桑德雷·罗德里格斯');
INSERT INTO `performer` VALUES (72, '迈尔斯·特勒');
INSERT INTO `performer` VALUES (73, '亨利·卡维尔');
INSERT INTO `performer` VALUES (74, '托比·马奎尔');
INSERT INTO `performer` VALUES (75, '威尔·史密斯');
INSERT INTO `performer` VALUES (76, '本尼迪克特·康伯巴奇');
INSERT INTO `performer` VALUES (77, '埃里·瓦拉赫');
INSERT INTO `performer` VALUES (78, '薇薇卡·福克斯');
INSERT INTO `performer` VALUES (79, '范·迪塞尔');
INSERT INTO `performer` VALUES (80, '马丁·鲍尔萨姆');
INSERT INTO `performer` VALUES (81, '马修·莫迪恩');
INSERT INTO `performer` VALUES (82, '瑞内·比托拉贾奇');
INSERT INTO `performer` VALUES (83, '西格妮·韦弗');
INSERT INTO `performer` VALUES (84, '切瓦特·埃加福');
INSERT INTO `performer` VALUES (85, '克林特·伊斯特伍德');
INSERT INTO `performer` VALUES (86, '詹妮弗·劳伦斯');
INSERT INTO `performer` VALUES (87, '理查德·哈里斯');
INSERT INTO `performer` VALUES (88, '伊万娜·巴克罗');
INSERT INTO `performer` VALUES (89, 'PattyCornell');
INSERT INTO `performer` VALUES (90, '威廉姆·H·梅西');
INSERT INTO `performer` VALUES (91, '希亚·拉博夫');
INSERT INTO `performer` VALUES (92, '罗伯托·贝尼尼');
INSERT INTO `performer` VALUES (93, '艾德里安·奎因顿');
INSERT INTO `performer` VALUES (94, 'KeirDullea');
INSERT INTO `performer` VALUES (95, '克里斯·派恩');
INSERT INTO `performer` VALUES (96, '安东尼·博金斯');
INSERT INTO `performer` VALUES (97, '凯特·布兰切特');
INSERT INTO `performer` VALUES (98, '艾米·亚当斯');
INSERT INTO `performer` VALUES (99, '克里斯·帕拉特');
INSERT INTO `performer` VALUES (100, '比尔·默瑞');
INSERT INTO `performer` VALUES (101, '丹尼尔·克雷格');
INSERT INTO `performer` VALUES (102, '苏拉·沙玛');
INSERT INTO `performer` VALUES (103, 'JosephMelito');
INSERT INTO `performer` VALUES (104, '迈克尔·基顿');
INSERT INTO `performer` VALUES (105, 'KatieLopez');
INSERT INTO `performer` VALUES (106, '埃米尔·赫斯基');
INSERT INTO `performer` VALUES (107, '瑞恩·高斯林');
INSERT INTO `performer` VALUES (108, '安德鲁·加菲尔德');
INSERT INTO `performer` VALUES (109, '保罗·路德');
INSERT INTO `performer` VALUES (110, '菲丽希缇·琼斯');
INSERT INTO `performer` VALUES (111, '罗伊·沙伊德尔');
INSERT INTO `performer` VALUES (112, '盖尔·加朵');
INSERT INTO `performer` VALUES (113, '丹尼尔·雷德克里夫');
INSERT INTO `performer` VALUES (114, '菲恩·怀特海德');
INSERT INTO `performer` VALUES (115, '埃里克·赛克斯');
INSERT INTO `performer` VALUES (116, '杰森·弗莱明');
INSERT INTO `performer` VALUES (117, '乔纳·希尔');
INSERT INTO `performer` VALUES (118, '罗伯特·顾雷特');
INSERT INTO `performer` VALUES (119, '帕特里克·斯图尔特');
INSERT INTO `performer` VALUES (120, '亨弗莱·鲍嘉');
INSERT INTO `performer` VALUES (121, 'RayAnthony');
INSERT INTO `performer` VALUES (122, 'TimIvey');
INSERT INTO `performer` VALUES (123, '西尔维斯特·史泰龙');
INSERT INTO `performer` VALUES (124, '1931-09-21');
INSERT INTO `performer` VALUES (125, '乔治·克鲁尼');
INSERT INTO `performer` VALUES (126, '西蒙·佩吉');
INSERT INTO `performer` VALUES (127, '汤姆·克鲁斯');
INSERT INTO `performer` VALUES (128, '塞缪尔·杰克逊');
INSERT INTO `performer` VALUES (129, '丹尼尔·戴');
INSERT INTO `performer` VALUES (130, '崔岷植');
INSERT INTO `performer` VALUES (131, '玛琳·阿克曼');
INSERT INTO `performer` VALUES (132, 'GrahamChapman');
INSERT INTO `performer` VALUES (133, '汤姆·赫兰德');
INSERT INTO `performer` VALUES (134, '艾利奥特·佩吉');
INSERT INTO `performer` VALUES (135, '朱利安·格洛弗');
INSERT INTO `performer` VALUES (136, '达斯汀·霍夫曼');
INSERT INTO `performer` VALUES (137, '查理·汉纳姆');
INSERT INTO `performer` VALUES (138, '丹尼尔·卡卢亚');
INSERT INTO `performer` VALUES (139, '丽莎·亚当');
INSERT INTO `performer` VALUES (140, '比尔·奈伊');
INSERT INTO `performer` VALUES (141, '瑞恩·雷诺兹');
INSERT INTO `performer` VALUES (142, '多姆纳尔·格里森');
INSERT INTO `performer` VALUES (143, '克莱夫·欧文');
INSERT INTO `performer` VALUES (144, '麦考利·卡尔金');
INSERT INTO `performer` VALUES (145, '阿什顿·库彻');
INSERT INTO `performer` VALUES (146, '彼得·塞勒斯');
INSERT INTO `performer` VALUES (147, '玛丽·爱丽丝');
INSERT INTO `performer` VALUES (148, '斯嘉丽·约翰逊');
INSERT INTO `performer` VALUES (149, '阿比盖尔·布雷斯林');
INSERT INTO `performer` VALUES (150, '布莱德利·库珀');
INSERT INTO `performer` VALUES (151, '马修·麦康纳');
INSERT INTO `performer` VALUES (152, '詹姆斯·斯图尔特');
INSERT INTO `performer` VALUES (153, '谢琳·伍德蕾');
INSERT INTO `performer` VALUES (154, 'CarlinaWill');
INSERT INTO `performer` VALUES (155, '孔刘');
INSERT INTO `performer` VALUES (156, '蒂姆·罗宾斯');
INSERT INTO `performer` VALUES (157, '希斯·莱杰');
INSERT INTO `performer` VALUES (158, '阿曼达·普拉莫');
INSERT INTO `performer` VALUES (159, 'RebeccaWilliams');
INSERT INTO `performer` VALUES (160, '劳伦斯·菲什伯恩');
INSERT INTO `performer` VALUES (161, '西恩·奥斯汀');
INSERT INTO `performer` VALUES (162, 'AliAstin');
INSERT INTO `performer` VALUES (163, '加里·奥德曼');
INSERT INTO `performer` VALUES (164, '陈以文');
INSERT INTO `performer` VALUES (165, '安德鲁·凯文');
INSERT INTO `performer` VALUES (166, '克里斯托弗·瓦尔兹');
INSERT INTO `performer` VALUES (167, '迈克尔·凯恩');
INSERT INTO `performer` VALUES (168, 'LawrenceA.Bonney');
INSERT INTO `performer` VALUES (169, '梅拉尼·罗兰');
INSERT INTO `performer` VALUES (170, '汤姆·塞兹摩尔');
INSERT INTO `performer` VALUES (171, '本·金斯利');
INSERT INTO `performer` VALUES (172, '佐伊·索尔达娜');
INSERT INTO `performer` VALUES (173, '大卫·摩斯');
INSERT INTO `performer` VALUES (174, '凯瑞');
INSERT INTO `performer` VALUES (175, '罗伯特·杜瓦尔');
INSERT INTO `performer` VALUES (176, '马克·鲁弗洛');
INSERT INTO `performer` VALUES (177, '安妮特·贝宁');
INSERT INTO `performer` VALUES (178, '凯特·温丝莱特');
INSERT INTO `performer` VALUES (179, '爱德华·福隆');
INSERT INTO `performer` VALUES (180, '杰弗里·拉什');
INSERT INTO `performer` VALUES (181, '雨果·维文');
INSERT INTO `performer` VALUES (182, '克里斯托弗·洛伊德');
INSERT INTO `performer` VALUES (183, '雷·利奥塔');
INSERT INTO `performer` VALUES (184, '琳达·汉密尔顿');
INSERT INTO `performer` VALUES (185, '刘玉玲');
INSERT INTO `performer` VALUES (186, 'KimKopf');
INSERT INTO `performer` VALUES (187, '加布里埃尔·伯恩');
INSERT INTO `performer` VALUES (188, '辛·劳洛');
INSERT INTO `performer` VALUES (189, '泰伦斯·霍华德');
INSERT INTO `performer` VALUES (190, 'SallyDworsky');
INSERT INTO `performer` VALUES (191, '劳拉·琳妮');
INSERT INTO `performer` VALUES (192, '海利·乔');
INSERT INTO `performer` VALUES (193, '路易丝·弗莱彻');
INSERT INTO `performer` VALUES (194, '凯伦·阿兰');
INSERT INTO `performer` VALUES (195, 'BrankoMenicanin');
INSERT INTO `performer` VALUES (196, '谢莉·杜瓦尔');
INSERT INTO `performer` VALUES (197, '劳拉·邓恩');
INSERT INTO `performer` VALUES (198, '裴淳华');
INSERT INTO `performer` VALUES (199, '艾德·哈里斯');
INSERT INTO `performer` VALUES (200, '哈维尔·巴登');
INSERT INTO `performer` VALUES (201, '沙鲁巴·舒克拉');
INSERT INTO `performer` VALUES (202, '迈克尔·比恩');
INSERT INTO `performer` VALUES (203, '约翰尼·诺克斯维尔');
INSERT INTO `performer` VALUES (204, '劳伦·科汉');
INSERT INTO `performer` VALUES (205, '邦妮·比蒂丽娅');
INSERT INTO `performer` VALUES (206, '丹尼斯·法里纳');
INSERT INTO `performer` VALUES (207, '小豪尔赫·兰登伯格');
INSERT INTO `performer` VALUES (208, '马丁·弗瑞曼');
INSERT INTO `performer` VALUES (209, '戴文青木');
INSERT INTO `performer` VALUES (210, '杰瑞德·莱托');
INSERT INTO `performer` VALUES (211, '杰西卡·查斯坦');
INSERT INTO `performer` VALUES (212, '帕特里克·马基');
INSERT INTO `performer` VALUES (213, 'HolmesOsborne');
INSERT INTO `performer` VALUES (214, '内芙·坎贝尔');
INSERT INTO `performer` VALUES (215, '琳娜·海蒂');
INSERT INTO `performer` VALUES (216, '海莉·阿特维尔');
INSERT INTO `performer` VALUES (217, '斯蒂文·鲍尔');
INSERT INTO `performer` VALUES (218, '约翰·古德曼');
INSERT INTO `performer` VALUES (219, '艾米莉娅·福克斯');
INSERT INTO `performer` VALUES (220, '马修·卡索维茨');
INSERT INTO `performer` VALUES (221, '泰莎·汤普森');
INSERT INTO `performer` VALUES (222, 'RobinsonFrankAdu');
INSERT INTO `performer` VALUES (223, '艾伦·艾克哈特');
INSERT INTO `performer` VALUES (224, '米特·洛夫');
INSERT INTO `performer` VALUES (225, '劳拉·拉芙蕾丝');
INSERT INTO `performer` VALUES (226, '莎莉·菲尔德');
INSERT INTO `performer` VALUES (227, '萨拉·贝克');
INSERT INTO `performer` VALUES (228, '詹姆斯·肯恩');
INSERT INTO `performer` VALUES (229, '汤姆·哈迪');
INSERT INTO `performer` VALUES (230, '约翰·贝西');
INSERT INTO `performer` VALUES (231, '麦肯吉·弗依');
INSERT INTO `performer` VALUES (232, '柯淑勤');
INSERT INTO `performer` VALUES (233, '丹尼尔·扎卡帕');
INSERT INTO `performer` VALUES (234, '康妮·尼尔森');
INSERT INTO `performer` VALUES (235, '卡斯·莱蒙斯');
INSERT INTO `performer` VALUES (236, '凯丽·费雪');
INSERT INTO `performer` VALUES (237, '爱德华·伯恩斯');
INSERT INTO `performer` VALUES (238, '玛格特·罗比');
INSERT INTO `performer` VALUES (239, '邦尼·亨特');
INSERT INTO `performer` VALUES (240, '乔·潘托里亚诺');
INSERT INTO `performer` VALUES (241, '黛安·基顿');
INSERT INTO `performer` VALUES (242, '索拉·伯奇');
INSERT INTO `performer` VALUES (243, '比利·赞恩');
INSERT INTO `performer` VALUES (244, '比佛莉·德安姬罗');
INSERT INTO `performer` VALUES (245, '奥兰多·布鲁姆');
INSERT INTO `performer` VALUES (246, '斯蒂芬·瑞');
INSERT INTO `performer` VALUES (247, '莉·汤普森');
INSERT INTO `performer` VALUES (248, '乔·佩西');
INSERT INTO `performer` VALUES (249, 'NikiMcElroy');
INSERT INTO `performer` VALUES (250, 'SandyNelson');
INSERT INTO `performer` VALUES (251, 'EvanSaucedo');
INSERT INTO `performer` VALUES (252, '诺亚·艾默里奇');
INSERT INTO `performer` VALUES (253, '托妮·科莱特');
INSERT INTO `performer` VALUES (254, '鲁丝·内伽');
INSERT INTO `performer` VALUES (255, '迈克尔·马德森');
INSERT INTO `performer` VALUES (256, '威尔·萨姆森');
INSERT INTO `performer` VALUES (257, 'GerryRobertByrne');
INSERT INTO `performer` VALUES (258, 'PaulFreeman');
INSERT INTO `performer` VALUES (259, 'DannyLloyd');
INSERT INTO `performer` VALUES (260, '杰夫·高布伦');
INSERT INTO `performer` VALUES (261, '尼尔·帕特里克');
INSERT INTO `performer` VALUES (262, '斯特兰·斯卡斯加德');
INSERT INTO `performer` VALUES (263, '詹妮弗·康纳利');
INSERT INTO `performer` VALUES (264, '乔什·布洛林');
INSERT INTO `performer` VALUES (265, '12');

-- ----------------------------
-- Table structure for scr_movie
-- ----------------------------
DROP TABLE IF EXISTS `scr_movie`;
CREATE TABLE `scr_movie`  (
  `scriptwriter_id` int NOT NULL AUTO_INCREMENT,
  `movie_id` int NOT NULL,
  PRIMARY KEY (`scriptwriter_id`, `movie_id`) USING BTREE,
  INDEX `scr_movie_ibfk_1`(`movie_id` ASC) USING BTREE,
  CONSTRAINT `scr_movie_ibfk_1` FOREIGN KEY (`movie_id`) REFERENCES `movie` (`movie_id`) ON DELETE CASCADE ON UPDATE RESTRICT,
  CONSTRAINT `scr_movie_ibfk_2` FOREIGN KEY (`scriptwriter_id`) REFERENCES `scriptwriter` (`scriptwriter_id`) ON DELETE CASCADE ON UPDATE RESTRICT
) ENGINE = InnoDB AUTO_INCREMENT = 189 CHARACTER SET = utf8mb4 COLLATE = utf8mb4_0900_ai_ci ROW_FORMAT = DYNAMIC;

-- ----------------------------
-- Records of scr_movie
-- ----------------------------
INSERT INTO `scr_movie` VALUES (1, 1);
INSERT INTO `scr_movie` VALUES (2, 2);
INSERT INTO `scr_movie` VALUES (23, 2);
INSERT INTO `scr_movie` VALUES (3, 3);
INSERT INTO `scr_movie` VALUES (184, 3);
INSERT INTO `scr_movie` VALUES (4, 4);
INSERT INTO `scr_movie` VALUES (185, 4);
INSERT INTO `scr_movie` VALUES (5, 5);
INSERT INTO `scr_movie` VALUES (112, 5);
INSERT INTO `scr_movie` VALUES (6, 6);
INSERT INTO `scr_movie` VALUES (186, 6);
INSERT INTO `scr_movie` VALUES (7, 7);
INSERT INTO `scr_movie` VALUES (59, 7);
INSERT INTO `scr_movie` VALUES (7, 8);
INSERT INTO `scr_movie` VALUES (59, 8);
INSERT INTO `scr_movie` VALUES (8, 9);
INSERT INTO `scr_movie` VALUES (24, 9);
INSERT INTO `scr_movie` VALUES (2, 10);
INSERT INTO `scr_movie` VALUES (23, 10);
INSERT INTO `scr_movie` VALUES (7, 11);
INSERT INTO `scr_movie` VALUES (59, 11);
INSERT INTO `scr_movie` VALUES (2, 12);
INSERT INTO `scr_movie` VALUES (23, 12);
INSERT INTO `scr_movie` VALUES (9, 13);
INSERT INTO `scr_movie` VALUES (187, 13);
INSERT INTO `scr_movie` VALUES (10, 14);
INSERT INTO `scr_movie` VALUES (4, 15);
INSERT INTO `scr_movie` VALUES (11, 16);
INSERT INTO `scr_movie` VALUES (12, 17);
INSERT INTO `scr_movie` VALUES (13, 18);
INSERT INTO `scr_movie` VALUES (14, 19);
INSERT INTO `scr_movie` VALUES (4, 20);
INSERT INTO `scr_movie` VALUES (15, 21);
INSERT INTO `scr_movie` VALUES (16, 22);
INSERT INTO `scr_movie` VALUES (17, 23);
INSERT INTO `scr_movie` VALUES (18, 24);
INSERT INTO `scr_movie` VALUES (2, 25);
INSERT INTO `scr_movie` VALUES (19, 26);
INSERT INTO `scr_movie` VALUES (20, 27);
INSERT INTO `scr_movie` VALUES (21, 28);
INSERT INTO `scr_movie` VALUES (22, 29);
INSERT INTO `scr_movie` VALUES (23, 30);
INSERT INTO `scr_movie` VALUES (24, 31);
INSERT INTO `scr_movie` VALUES (25, 32);
INSERT INTO `scr_movie` VALUES (26, 33);
INSERT INTO `scr_movie` VALUES (21, 34);
INSERT INTO `scr_movie` VALUES (27, 35);
INSERT INTO `scr_movie` VALUES (28, 36);
INSERT INTO `scr_movie` VALUES (6, 37);
INSERT INTO `scr_movie` VALUES (29, 38);
INSERT INTO `scr_movie` VALUES (30, 39);
INSERT INTO `scr_movie` VALUES (31, 40);
INSERT INTO `scr_movie` VALUES (21, 41);
INSERT INTO `scr_movie` VALUES (4, 42);
INSERT INTO `scr_movie` VALUES (32, 43);
INSERT INTO `scr_movie` VALUES (33, 44);
INSERT INTO `scr_movie` VALUES (34, 45);
INSERT INTO `scr_movie` VALUES (35, 46);
INSERT INTO `scr_movie` VALUES (36, 47);
INSERT INTO `scr_movie` VALUES (37, 48);
INSERT INTO `scr_movie` VALUES (38, 49);
INSERT INTO `scr_movie` VALUES (39, 50);
INSERT INTO `scr_movie` VALUES (40, 51);
INSERT INTO `scr_movie` VALUES (4, 52);
INSERT INTO `scr_movie` VALUES (41, 53);
INSERT INTO `scr_movie` VALUES (42, 54);
INSERT INTO `scr_movie` VALUES (35, 55);
INSERT INTO `scr_movie` VALUES (43, 56);
INSERT INTO `scr_movie` VALUES (35, 57);
INSERT INTO `scr_movie` VALUES (22, 58);
INSERT INTO `scr_movie` VALUES (44, 59);
INSERT INTO `scr_movie` VALUES (45, 60);
INSERT INTO `scr_movie` VALUES (46, 61);
INSERT INTO `scr_movie` VALUES (47, 62);
INSERT INTO `scr_movie` VALUES (48, 63);
INSERT INTO `scr_movie` VALUES (49, 64);
INSERT INTO `scr_movie` VALUES (50, 65);
INSERT INTO `scr_movie` VALUES (21, 66);
INSERT INTO `scr_movie` VALUES (51, 67);
INSERT INTO `scr_movie` VALUES (52, 68);
INSERT INTO `scr_movie` VALUES (53, 69);
INSERT INTO `scr_movie` VALUES (54, 70);
INSERT INTO `scr_movie` VALUES (55, 71);
INSERT INTO `scr_movie` VALUES (56, 72);
INSERT INTO `scr_movie` VALUES (57, 73);
INSERT INTO `scr_movie` VALUES (58, 74);
INSERT INTO `scr_movie` VALUES (59, 75);
INSERT INTO `scr_movie` VALUES (60, 76);
INSERT INTO `scr_movie` VALUES (61, 77);
INSERT INTO `scr_movie` VALUES (62, 78);
INSERT INTO `scr_movie` VALUES (63, 79);
INSERT INTO `scr_movie` VALUES (64, 80);
INSERT INTO `scr_movie` VALUES (65, 81);
INSERT INTO `scr_movie` VALUES (66, 82);
INSERT INTO `scr_movie` VALUES (67, 83);
INSERT INTO `scr_movie` VALUES (68, 84);
INSERT INTO `scr_movie` VALUES (69, 85);
INSERT INTO `scr_movie` VALUES (15, 86);
INSERT INTO `scr_movie` VALUES (70, 87);
INSERT INTO `scr_movie` VALUES (71, 88);
INSERT INTO `scr_movie` VALUES (15, 89);
INSERT INTO `scr_movie` VALUES (72, 90);
INSERT INTO `scr_movie` VALUES (73, 91);
INSERT INTO `scr_movie` VALUES (74, 92);
INSERT INTO `scr_movie` VALUES (75, 93);
INSERT INTO `scr_movie` VALUES (76, 94);
INSERT INTO `scr_movie` VALUES (77, 95);
INSERT INTO `scr_movie` VALUES (78, 96);
INSERT INTO `scr_movie` VALUES (79, 97);
INSERT INTO `scr_movie` VALUES (80, 98);
INSERT INTO `scr_movie` VALUES (81, 99);
INSERT INTO `scr_movie` VALUES (82, 100);
INSERT INTO `scr_movie` VALUES (83, 101);
INSERT INTO `scr_movie` VALUES (84, 102);
INSERT INTO `scr_movie` VALUES (85, 103);
INSERT INTO `scr_movie` VALUES (86, 104);
INSERT INTO `scr_movie` VALUES (87, 105);
INSERT INTO `scr_movie` VALUES (88, 106);
INSERT INTO `scr_movie` VALUES (89, 107);
INSERT INTO `scr_movie` VALUES (4, 108);
INSERT INTO `scr_movie` VALUES (90, 109);
INSERT INTO `scr_movie` VALUES (91, 110);
INSERT INTO `scr_movie` VALUES (92, 111);
INSERT INTO `scr_movie` VALUES (63, 112);
INSERT INTO `scr_movie` VALUES (28, 113);
INSERT INTO `scr_movie` VALUES (68, 114);
INSERT INTO `scr_movie` VALUES (93, 115);
INSERT INTO `scr_movie` VALUES (21, 116);
INSERT INTO `scr_movie` VALUES (94, 117);
INSERT INTO `scr_movie` VALUES (95, 118);
INSERT INTO `scr_movie` VALUES (96, 119);
INSERT INTO `scr_movie` VALUES (15, 120);
INSERT INTO `scr_movie` VALUES (97, 121);
INSERT INTO `scr_movie` VALUES (98, 122);
INSERT INTO `scr_movie` VALUES (50, 123);
INSERT INTO `scr_movie` VALUES (99, 124);
INSERT INTO `scr_movie` VALUES (100, 125);
INSERT INTO `scr_movie` VALUES (101, 126);
INSERT INTO `scr_movie` VALUES (102, 127);
INSERT INTO `scr_movie` VALUES (70, 128);
INSERT INTO `scr_movie` VALUES (103, 129);
INSERT INTO `scr_movie` VALUES (59, 130);
INSERT INTO `scr_movie` VALUES (104, 131);
INSERT INTO `scr_movie` VALUES (28, 132);
INSERT INTO `scr_movie` VALUES (105, 133);
INSERT INTO `scr_movie` VALUES (106, 134);
INSERT INTO `scr_movie` VALUES (107, 135);
INSERT INTO `scr_movie` VALUES (108, 136);
INSERT INTO `scr_movie` VALUES (63, 137);
INSERT INTO `scr_movie` VALUES (103, 138);
INSERT INTO `scr_movie` VALUES (109, 139);
INSERT INTO `scr_movie` VALUES (110, 140);
INSERT INTO `scr_movie` VALUES (111, 141);
INSERT INTO `scr_movie` VALUES (112, 142);
INSERT INTO `scr_movie` VALUES (113, 143);
INSERT INTO `scr_movie` VALUES (114, 144);
INSERT INTO `scr_movie` VALUES (115, 145);
INSERT INTO `scr_movie` VALUES (98, 146);
INSERT INTO `scr_movie` VALUES (116, 147);
INSERT INTO `scr_movie` VALUES (117, 148);
INSERT INTO `scr_movie` VALUES (118, 149);
INSERT INTO `scr_movie` VALUES (119, 150);
INSERT INTO `scr_movie` VALUES (120, 151);
INSERT INTO `scr_movie` VALUES (121, 152);
INSERT INTO `scr_movie` VALUES (30, 153);
INSERT INTO `scr_movie` VALUES (122, 154);
INSERT INTO `scr_movie` VALUES (123, 155);
INSERT INTO `scr_movie` VALUES (124, 156);
INSERT INTO `scr_movie` VALUES (125, 157);
INSERT INTO `scr_movie` VALUES (126, 158);
INSERT INTO `scr_movie` VALUES (127, 159);
INSERT INTO `scr_movie` VALUES (128, 160);
INSERT INTO `scr_movie` VALUES (129, 161);
INSERT INTO `scr_movie` VALUES (130, 162);
INSERT INTO `scr_movie` VALUES (82, 163);
INSERT INTO `scr_movie` VALUES (131, 164);
INSERT INTO `scr_movie` VALUES (99, 165);
INSERT INTO `scr_movie` VALUES (99, 166);
INSERT INTO `scr_movie` VALUES (23, 167);
INSERT INTO `scr_movie` VALUES (132, 168);
INSERT INTO `scr_movie` VALUES (133, 169);
INSERT INTO `scr_movie` VALUES (134, 170);
INSERT INTO `scr_movie` VALUES (56, 171);
INSERT INTO `scr_movie` VALUES (135, 172);
INSERT INTO `scr_movie` VALUES (136, 173);
INSERT INTO `scr_movie` VALUES (43, 174);
INSERT INTO `scr_movie` VALUES (137, 175);
INSERT INTO `scr_movie` VALUES (138, 176);
INSERT INTO `scr_movie` VALUES (139, 177);
INSERT INTO `scr_movie` VALUES (6, 178);
INSERT INTO `scr_movie` VALUES (140, 179);
INSERT INTO `scr_movie` VALUES (141, 180);
INSERT INTO `scr_movie` VALUES (142, 181);
INSERT INTO `scr_movie` VALUES (143, 182);
INSERT INTO `scr_movie` VALUES (101, 183);
INSERT INTO `scr_movie` VALUES (144, 184);
INSERT INTO `scr_movie` VALUES (145, 185);
INSERT INTO `scr_movie` VALUES (4, 186);
INSERT INTO `scr_movie` VALUES (146, 187);
INSERT INTO `scr_movie` VALUES (147, 188);
INSERT INTO `scr_movie` VALUES (148, 189);
INSERT INTO `scr_movie` VALUES (149, 190);
INSERT INTO `scr_movie` VALUES (150, 191);
INSERT INTO `scr_movie` VALUES (151, 192);
INSERT INTO `scr_movie` VALUES (152, 193);
INSERT INTO `scr_movie` VALUES (153, 194);
INSERT INTO `scr_movie` VALUES (78, 195);
INSERT INTO `scr_movie` VALUES (154, 196);
INSERT INTO `scr_movie` VALUES (80, 197);
INSERT INTO `scr_movie` VALUES (155, 198);
INSERT INTO `scr_movie` VALUES (91, 199);
INSERT INTO `scr_movie` VALUES (156, 200);
INSERT INTO `scr_movie` VALUES (59, 201);
INSERT INTO `scr_movie` VALUES (157, 202);
INSERT INTO `scr_movie` VALUES (158, 203);
INSERT INTO `scr_movie` VALUES (159, 204);
INSERT INTO `scr_movie` VALUES (160, 205);
INSERT INTO `scr_movie` VALUES (161, 206);
INSERT INTO `scr_movie` VALUES (162, 207);
INSERT INTO `scr_movie` VALUES (163, 208);
INSERT INTO `scr_movie` VALUES (29, 209);
INSERT INTO `scr_movie` VALUES (132, 210);
INSERT INTO `scr_movie` VALUES (164, 211);
INSERT INTO `scr_movie` VALUES (165, 212);
INSERT INTO `scr_movie` VALUES (166, 213);
INSERT INTO `scr_movie` VALUES (126, 214);
INSERT INTO `scr_movie` VALUES (167, 215);
INSERT INTO `scr_movie` VALUES (132, 216);
INSERT INTO `scr_movie` VALUES (168, 217);
INSERT INTO `scr_movie` VALUES (169, 218);
INSERT INTO `scr_movie` VALUES (170, 219);
INSERT INTO `scr_movie` VALUES (91, 220);
INSERT INTO `scr_movie` VALUES (4, 221);
INSERT INTO `scr_movie` VALUES (63, 222);
INSERT INTO `scr_movie` VALUES (6, 223);
INSERT INTO `scr_movie` VALUES (171, 224);
INSERT INTO `scr_movie` VALUES (172, 225);
INSERT INTO `scr_movie` VALUES (30, 226);
INSERT INTO `scr_movie` VALUES (173, 227);
INSERT INTO `scr_movie` VALUES (86, 228);
INSERT INTO `scr_movie` VALUES (174, 229);
INSERT INTO `scr_movie` VALUES (175, 230);
INSERT INTO `scr_movie` VALUES (176, 231);
INSERT INTO `scr_movie` VALUES (177, 232);
INSERT INTO `scr_movie` VALUES (137, 233);
INSERT INTO `scr_movie` VALUES (178, 234);
INSERT INTO `scr_movie` VALUES (179, 235);
INSERT INTO `scr_movie` VALUES (30, 236);
INSERT INTO `scr_movie` VALUES (125, 237);
INSERT INTO `scr_movie` VALUES (180, 238);
INSERT INTO `scr_movie` VALUES (181, 239);
INSERT INTO `scr_movie` VALUES (182, 240);

-- ----------------------------
-- Table structure for scriptwriter
-- ----------------------------
DROP TABLE IF EXISTS `scriptwriter`;
CREATE TABLE `scriptwriter`  (
  `scriptwriter_id` int NOT NULL AUTO_INCREMENT,
  `scriptwriter` varchar(255) CHARACTER SET utf8mb4 COLLATE utf8mb4_0900_ai_ci NOT NULL,
  PRIMARY KEY (`scriptwriter_id`) USING BTREE
) ENGINE = InnoDB AUTO_INCREMENT = 189 CHARACTER SET = utf8mb4 COLLATE = utf8mb4_0900_ai_ci ROW_FORMAT = DYNAMIC;

-- ----------------------------
-- Records of scriptwriter
-- ----------------------------
INSERT INTO `scriptwriter` VALUES (1, '弗兰克·德拉邦特');
INSERT INTO `scriptwriter` VALUES (2, '乔纳森·诺兰');
INSERT INTO `scriptwriter` VALUES (3, '恰克·帕拉尼克');
INSERT INTO `scriptwriter` VALUES (4, '昆汀·塔伦蒂诺');
INSERT INTO `scriptwriter` VALUES (5, '温斯顿·格鲁姆');
INSERT INTO `scriptwriter` VALUES (6, '莉莉·沃卓斯基');
INSERT INTO `scriptwriter` VALUES (7, 'J.R.R.Tolkien');
INSERT INTO `scriptwriter` VALUES (8, '马里奥·普佐');
INSERT INTO `scriptwriter` VALUES (9, '张耀升');
INSERT INTO `scriptwriter` VALUES (10, '安德鲁·凯文');
INSERT INTO `scriptwriter` VALUES (11, '大卫·弗兰佐尼');
INSERT INTO `scriptwriter` VALUES (12, '鲍勃·凯恩');
INSERT INTO `scriptwriter` VALUES (13, '乔斯·韦登');
INSERT INTO `scriptwriter` VALUES (14, '托马斯·哈里斯');
INSERT INTO `scriptwriter` VALUES (15, '乔治·卢卡斯');
INSERT INTO `scriptwriter` VALUES (16, '罗伯特·罗达特');
INSERT INTO `scriptwriter` VALUES (17, '托马斯·肯尼利');
INSERT INTO `scriptwriter` VALUES (18, '威廉·莫纳汉');
INSERT INTO `scriptwriter` VALUES (19, '利·布拉克特');
INSERT INTO `scriptwriter` VALUES (20, '特伦斯·温特');
INSERT INTO `scriptwriter` VALUES (21, '詹姆斯·卡梅隆');
INSERT INTO `scriptwriter` VALUES (22, '斯蒂芬·金');
INSERT INTO `scriptwriter` VALUES (23, '克里斯托弗·诺兰');
INSERT INTO `scriptwriter` VALUES (24, '弗朗西斯·福特·科波拉');
INSERT INTO `scriptwriter` VALUES (25, '莱塔·卡罗格里迪斯');
INSERT INTO `scriptwriter` VALUES (26, '艾伦·鲍尔');
INSERT INTO `scriptwriter` VALUES (27, '戴维·麦克纳');
INSERT INTO `scriptwriter` VALUES (28, '泰德·艾略特');
INSERT INTO `scriptwriter` VALUES (29, '罗伯特·泽米吉斯');
INSERT INTO `scriptwriter` VALUES (30, '吕克·贝松');
INSERT INTO `scriptwriter` VALUES (31, '尼古拉斯·派勒吉');
INSERT INTO `scriptwriter` VALUES (32, '安德鲁·斯坦顿');
INSERT INTO `scriptwriter` VALUES (33, '克里斯托弗·麦奎里');
INSERT INTO `scriptwriter` VALUES (34, '兰道尔·华莱士');
INSERT INTO `scriptwriter` VALUES (35, 'LawrenceKasdan');
INSERT INTO `scriptwriter` VALUES (36, '马克·弗格斯');
INSERT INTO `scriptwriter` VALUES (37, '艾琳·梅琪');
INSERT INTO `scriptwriter` VALUES (38, '安德鲁·尼科尔');
INSERT INTO `scriptwriter` VALUES (39, 'M.NightShyamalan');
INSERT INTO `scriptwriter` VALUES (40, '詹姆斯·格雷');
INSERT INTO `scriptwriter` VALUES (41, '劳伦斯·奥邦');
INSERT INTO `scriptwriter` VALUES (42, '查理·考夫曼');
INSERT INTO `scriptwriter` VALUES (43, '约翰·拉塞特');
INSERT INTO `scriptwriter` VALUES (44, '迈克尔·克莱顿');
INSERT INTO `scriptwriter` VALUES (45, '吉莉安·弗琳');
INSERT INTO `scriptwriter` VALUES (46, '马特·达蒙');
INSERT INTO `scriptwriter` VALUES (47, '阿齐瓦·高斯曼');
INSERT INTO `scriptwriter` VALUES (48, '乔尔·科恩');
INSERT INTO `scriptwriter` VALUES (49, '彼特·道格特');
INSERT INTO `scriptwriter` VALUES (50, '西蒙·博福伊');
INSERT INTO `scriptwriter` VALUES (51, '杰·朗吉诺');
INSERT INTO `scriptwriter` VALUES (52, '杰夫·内桑森');
INSERT INTO `scriptwriter` VALUES (53, '利·卡彭特');
INSERT INTO `scriptwriter` VALUES (54, '罗德里戈·索普');
INSERT INTO `scriptwriter` VALUES (55, '托德·菲利普斯');
INSERT INTO `scriptwriter` VALUES (56, '盖·里奇');
INSERT INTO `scriptwriter` VALUES (57, '克里斯蒂娜·霍德森');
INSERT INTO `scriptwriter` VALUES (58, '丹·欧班农');
INSERT INTO `scriptwriter` VALUES (59, '弗兰·威尔士');
INSERT INTO `scriptwriter` VALUES (60, '弗兰克·米勒');
INSERT INTO `scriptwriter` VALUES (61, '小胡伯特·塞尔比');
INSERT INTO `scriptwriter` VALUES (62, '德鲁·高达');
INSERT INTO `scriptwriter` VALUES (63, '斯坦利·库布里克');
INSERT INTO `scriptwriter` VALUES (64, '理查德·凯利');
INSERT INTO `scriptwriter` VALUES (65, '阿什利·米勒');
INSERT INTO `scriptwriter` VALUES (66, '罗森·马歇尔');
INSERT INTO `scriptwriter` VALUES (67, '扎克·施奈德');
INSERT INTO `scriptwriter` VALUES (68, '克里斯托弗·马库斯');
INSERT INTO `scriptwriter` VALUES (69, '奥利佛·斯通');
INSERT INTO `scriptwriter` VALUES (70, '伊桑·科恩');
INSERT INTO `scriptwriter` VALUES (71, '罗纳德·哈伍德');
INSERT INTO `scriptwriter` VALUES (72, '纪尧姆·洛朗');
INSERT INTO `scriptwriter` VALUES (73, '马特·霍洛维');
INSERT INTO `scriptwriter` VALUES (74, '保罗·施拉德');
INSERT INTO `scriptwriter` VALUES (75, '乔纳森·阿贝尔');
INSERT INTO `scriptwriter` VALUES (76, '斯蒂芬·茨威格');
INSERT INTO `scriptwriter` VALUES (77, '马克·海曼');
INSERT INTO `scriptwriter` VALUES (78, '查尔斯·里维特');
INSERT INTO `scriptwriter` VALUES (79, '保罗·林斯');
INSERT INTO `scriptwriter` VALUES (80, '达米恩·查泽雷');
INSERT INTO `scriptwriter` VALUES (81, '大卫');
INSERT INTO `scriptwriter` VALUES (82, '斯坦·李');
INSERT INTO `scriptwriter` VALUES (83, '彼得·博格');
INSERT INTO `scriptwriter` VALUES (84, '杰弗里·鲍姆');
INSERT INTO `scriptwriter` VALUES (85, '马克');
INSERT INTO `scriptwriter` VALUES (86, '汉普顿·范彻');
INSERT INTO `scriptwriter` VALUES (87, '马克·波托塞维奇');
INSERT INTO `scriptwriter` VALUES (88, '格拉汉姆·摩尔');
INSERT INTO `scriptwriter` VALUES (89, '卢恰诺·温琴佐尼');
INSERT INTO `scriptwriter` VALUES (90, '盖瑞·斯科特');
INSERT INTO `scriptwriter` VALUES (91, '西蒙·金伯格');
INSERT INTO `scriptwriter` VALUES (92, '雷金纳德·罗斯');
INSERT INTO `scriptwriter` VALUES (93, '布拉德·伯德');
INSERT INTO `scriptwriter` VALUES (94, '约翰·里德利');
INSERT INTO `scriptwriter` VALUES (95, '埃文·威尔什');
INSERT INTO `scriptwriter` VALUES (96, '詹姆斯·曼高德');
INSERT INTO `scriptwriter` VALUES (97, '保罗·哈吉斯');
INSERT INTO `scriptwriter` VALUES (98, '克里斯·特里奥');
INSERT INTO `scriptwriter` VALUES (99, 'J·K·罗琳');
INSERT INTO `scriptwriter` VALUES (100, '吉尔莫·德尔');
INSERT INTO `scriptwriter` VALUES (101, '托尼·吉尔罗伊');
INSERT INTO `scriptwriter` VALUES (102, '威廉·史塔克');
INSERT INTO `scriptwriter` VALUES (103, '罗伯托·奥奇');
INSERT INTO `scriptwriter` VALUES (104, '温琴佐·切拉米');
INSERT INTO `scriptwriter` VALUES (105, '马修·迈克尔');
INSERT INTO `scriptwriter` VALUES (106, '约翰·米利厄斯');
INSERT INTO `scriptwriter` VALUES (107, '克里斯托弗·约斯特');
INSERT INTO `scriptwriter` VALUES (108, '简·古德曼');
INSERT INTO `scriptwriter` VALUES (109, '约瑟夫·斯蒂凡诺');
INSERT INTO `scriptwriter` VALUES (110, '迈克尔·罗伯特');
INSERT INTO `scriptwriter` VALUES (111, '大卫·阿耶');
INSERT INTO `scriptwriter` VALUES (112, '艾瑞克·罗斯');
INSERT INTO `scriptwriter` VALUES (113, '埃里克·海瑟尔');
INSERT INTO `scriptwriter` VALUES (114, '里克·杰法');
INSERT INTO `scriptwriter` VALUES (115, '丹尼·鲁宾');
INSERT INTO `scriptwriter` VALUES (116, '尼尔·珀维斯');
INSERT INTO `scriptwriter` VALUES (117, '扬·马特尔');
INSERT INTO `scriptwriter` VALUES (118, '克里斯·马克');
INSERT INTO `scriptwriter` VALUES (119, '亚利桑德罗·冈萨雷斯');
INSERT INTO `scriptwriter` VALUES (120, 'TomDeSanto');
INSERT INTO `scriptwriter` VALUES (121, '珍妮弗·李');
INSERT INTO `scriptwriter` VALUES (122, '迈克尔·曼');
INSERT INTO `scriptwriter` VALUES (123, '西恩·潘');
INSERT INTO `scriptwriter` VALUES (124, '霍辛·阿米尼');
INSERT INTO `scriptwriter` VALUES (125, '詹姆斯·范德比尔特');
INSERT INTO `scriptwriter` VALUES (126, '埃德加·赖特');
INSERT INTO `scriptwriter` VALUES (127, '詹姆斯·古恩');
INSERT INTO `scriptwriter` VALUES (128, '莱恩·约翰逊');
INSERT INTO `scriptwriter` VALUES (129, '克里斯·韦兹');
INSERT INTO `scriptwriter` VALUES (130, '彼得·本奇利');
INSERT INTO `scriptwriter` VALUES (131, '艾伦·海因伯格');
INSERT INTO `scriptwriter` VALUES (132, '史蒂夫·克洛夫斯');
INSERT INTO `scriptwriter` VALUES (133, '迪安·德夫林');
INSERT INTO `scriptwriter` VALUES (134, '詹姆斯·艾罗瑞');
INSERT INTO `scriptwriter` VALUES (135, '德里克·科尔斯塔');
INSERT INTO `scriptwriter` VALUES (136, '塞斯·罗根');
INSERT INTO `scriptwriter` VALUES (137, '扎克·佩恩');
INSERT INTO `scriptwriter` VALUES (138, '朱利叶斯');
INSERT INTO `scriptwriter` VALUES (139, '劳威尔·坎宁安');
INSERT INTO `scriptwriter` VALUES (140, '杰里米·莱文');
INSERT INTO `scriptwriter` VALUES (141, '西尔维斯特·史泰龙');
INSERT INTO `scriptwriter` VALUES (142, '小威廉·保尔斯');
INSERT INTO `scriptwriter` VALUES (143, '乔治·克莱顿');
INSERT INTO `scriptwriter` VALUES (144, '西蒙·佩吉');
INSERT INTO `scriptwriter` VALUES (145, '菲利普');
INSERT INTO `scriptwriter` VALUES (146, '保罗·托马斯');
INSERT INTO `scriptwriter` VALUES (147, '土屋加仑');
INSERT INTO `scriptwriter` VALUES (148, '大卫·海特');
INSERT INTO `scriptwriter` VALUES (149, '杰夫·温塔');
INSERT INTO `scriptwriter` VALUES (150, 'GrahamChapman');
INSERT INTO `scriptwriter` VALUES (151, '乔纳森');
INSERT INTO `scriptwriter` VALUES (152, '山姆·雷米');
INSERT INTO `scriptwriter` VALUES (153, '迪亚波罗·科蒂');
INSERT INTO `scriptwriter` VALUES (154, '迈克尔·戈登伯格');
INSERT INTO `scriptwriter` VALUES (155, 'Homer');
INSERT INTO `scriptwriter` VALUES (156, '本·雷普利');
INSERT INTO `scriptwriter` VALUES (157, '巴里·莫罗');
INSERT INTO `scriptwriter` VALUES (158, '特拉维斯·比彻姆');
INSERT INTO `scriptwriter` VALUES (159, '乔丹·皮尔');
INSERT INTO `scriptwriter` VALUES (160, '理查德·温克');
INSERT INTO `scriptwriter` VALUES (161, '布莱特·伊斯顿');
INSERT INTO `scriptwriter` VALUES (162, '戴维·贝尼奥夫');
INSERT INTO `scriptwriter` VALUES (163, '巴兹·鲁赫曼');
INSERT INTO `scriptwriter` VALUES (164, '瑞特·里斯');
INSERT INTO `scriptwriter` VALUES (165, '亚历克斯·加兰');
INSERT INTO `scriptwriter` VALUES (166, '阿方索·卡隆');
INSERT INTO `scriptwriter` VALUES (167, '约翰·休斯');
INSERT INTO `scriptwriter` VALUES (168, '埃里克·辛格尔');
INSERT INTO `scriptwriter` VALUES (169, '丹·吉尔罗伊');
INSERT INTO `scriptwriter` VALUES (170, 'J.MackyeGruber');
INSERT INTO `scriptwriter` VALUES (171, '蒂姆·波顿');
INSERT INTO `scriptwriter` VALUES (172, 'VincentNgo');
INSERT INTO `scriptwriter` VALUES (173, '威拉德·赫依克');
INSERT INTO `scriptwriter` VALUES (174, '迈克尔·阿恩特');
INSERT INTO `scriptwriter` VALUES (175, '杰森·霍尔');
INSERT INTO `scriptwriter` VALUES (176, '斯蒂夫·康拉德');
INSERT INTO `scriptwriter` VALUES (177, '罗伯特·鲁德鲁姆');
INSERT INTO `scriptwriter` VALUES (178, '克莱格·鲍登');
INSERT INTO `scriptwriter` VALUES (179, '约翰·迈克尔');
INSERT INTO `scriptwriter` VALUES (180, '皮特·摩根');
INSERT INTO `scriptwriter` VALUES (181, '埃文·达赫迪');
INSERT INTO `scriptwriter` VALUES (182, '拜伦·霍华德');
INSERT INTO `scriptwriter` VALUES (183, '孔枝泳');
INSERT INTO `scriptwriter` VALUES (184, '吉姆·乌尔斯');
INSERT INTO `scriptwriter` VALUES (185, '罗杰·阿夫瑞');
INSERT INTO `scriptwriter` VALUES (186, '拉娜·沃卓斯基');
INSERT INTO `scriptwriter` VALUES (187, '钟孟宏');
INSERT INTO `scriptwriter` VALUES (188, '123');

-- ----------------------------
-- Triggers structure for table movie
-- ----------------------------
DROP TRIGGER IF EXISTS `update_trigger`;
delimiter ;;
CREATE TRIGGER `update_trigger` AFTER UPDATE ON `movie` FOR EACH ROW insert into movie_log(time, log_text) value(now(),concat('由用户修改数据，旧数据为：',old.movie_id,old.movie,old.grade,old.type,old.country,old.language,old.date,old.duration,old.alias))
;
;;
delimiter ;

-- ----------------------------
-- Triggers structure for table movie
-- ----------------------------
DROP TRIGGER IF EXISTS `update_trigger2`;
delimiter ;;
CREATE TRIGGER `update_trigger2` AFTER UPDATE ON `movie` FOR EACH ROW insert into movie_log(time, log_text) value(now(),concat('由用户修改数据，新数据为：',new.movie_id,new.movie,new.grade,new.type,new.country,new.language,new.date,new.duration,new.alias))
;
;;
delimiter ;

SET FOREIGN_KEY_CHECKS = 1;
